지수명,시작일 기준가,종료일 종가,대비,등락률,거래량,거래대금,일자,종가,시가,고가,저가,상장시가총액
코스피,2018.89,1976.12,-42.77,-2.12,144204642.0,1963114940.0,,,,,,
코스피 200,267.15,251.28,-15.87,-5.94,34111481.0,1513301078.0,,,,,,
코스피 100,2027.68,1888.35,-139.33,-6.87,23768518.0,1345039962.0,,,,,,
코스피 50,1757.87,1613.5,-144.37,-8.21,15168251.0,1064198069.0,,,,,,
코스피 200 중소형주,912.66,997.21,84.55,9.26,,,,,,,,
코스피 200 초대형제외 지수,238.18,227.75,-10.43,-4.38,,,,,,,,
코스피200제외 코스피지수,1936.61,2304.32,367.71,18.99,,,,,,,,
코스피 200 커뮤니케이션서비스,1105.65,1439.45,333.8,30.19,,,,,,,,
코스피 200 건설,514.38,330.44,-183.94,-35.76,2854021.0,97533423.0,,,,,,
코스피 200 중공업,526.3,359.85,-166.45,-31.63,5112397.0,125670024.0,,,,,,
코스피 200 철강/소재,925.1,925.79,0.69,0.07,1466713.0,72217640.0,,,,,,
코스피 200 에너지/화학,1168.96,910.19,-258.77,-22.14,3271483.0,180069621.0,,,,,,
코스피 200 정보기술,1368.75,1570.65,201.9,14.75,6311312.0,441628676.0,,,,,,
코스피 200 금융,733.61,702.69,-30.92,-4.21,5615416.0,137222846.0,,,,,,
코스피 200 생활소비재,986.82,1248.67,261.85,26.53,4830898.0,207949701.0,,,,,,
코스피 200 경기소비재,2007.48,1783.84,-223.64,-11.14,4649242.0,251009147.0,,,,,,
코스피 200 산업재,856.01,799.21,-56.8,-6.64,,,,,,,,
코스피 200 헬스케어,1185.29,1212.56,27.27,2.3,,,,,,,,
음식료·담배,4022.65,4686.32,663.67,16.5,1995493.0,42918856.0,,,,,,
섬유·의류,206.42,402.59,196.17,95.03,3857207.0,23563495.0,,,,,,
종이·목재,301.61,343.17,41.56,13.78,4714104.0,10755843.0,,,,,,
화학,4136.93,4209.12,72.19,1.75,9642579.0,224032490.0,,,,,,
제약,4370.03,4891.26,521.23,11.93,8568224.0,41329004.0,,,,,,
비금속,763.23,1574.32,811.09,106.27,3684728.0,8900384.0,,,,,,
금속,5540.95,4817.67,-723.28,-13.05,5159428.0,77741220.0,,,,,,
기계·장비,1010.6,881.76,-128.84,-12.75,4821983.0,42734281.0,,,,,,
전기전자,11498.44,10929.89,-568.55,-4.94,18955925.0,402839141.0,,,,,,
의료·정밀기기,1574.63,1757.04,182.41,11.58,6292467.0,12492607.0,,,,,,
운송장비·부품,2532.31,1867.11,-665.2,-26.27,7654064.0,255905310.0,,,,,,
유통,491.38,495.01,3.63,0.74,21076067.0,127248569.0,,,,,,
전기·가스,1094.52,1317.6,223.08,20.38,1011152.0,39529489.0,,,,,,
건설,155.75,133.44,-22.31,-14.32,4252746.0,66511809.0,,,,,,
운송·창고,2293.98,2331.76,37.78,1.65,6692362.0,60135307.0,,,,,,
통신,287.27,387.69,100.42,34.96,1695111.0,50166779.0,,,,,,
금융,444.34,430.94,-13.4,-3.02,15115859.0,170255492.0,,,,,,
증권,1947.6,1909.27,-38.33,-1.97,5141596.0,35053775.0,,,,,,
보험,17580.55,17709.46,128.91,0.73,1275878.0,40642797.0,,,,,,
일반서비스,986.24,1075.57,89.33,9.06,11121566.0,271417775.0,,,,,,
제조,4315.19,4042.78,-272.41,-6.31,81407336.0,1166663126.0,,,,,,
코스피 대형주,2010.78,1897.18,-113.6,-5.65,22909429.0,1350341388.0,,,,,,
코스피 중형주,2110.81,2416.12,305.31,14.46,25477459.0,305850616.0,,,,,,
코스피 소형주,1375.89,1858.53,482.64,35.08,92282581.0,211833722.0,,,,,,
코스피 200 비중상한 30%,267.15,251.28,-15.87,-5.94,,,,,,,,
코스피 200 비중상한 25%,267.15,251.37,-15.78,-5.91,,,,,,,,
코스피 200 비중상한 20%,266.67,251.72,-14.95,-5.61,,,,,,,,
오락·문화,,,,,,,,,,,,
IT 서비스,,,,,,,,,,,,
부동산,,,,,,,,,,,,
코스피 200 TOP 10,,977.32,,,,,,,,,,
코스피,1976.12,2094.12,118.0,5.97,208819714.0,2448944415.0,,,,,,
코스피 200,251.28,270.38,19.1,7.6,39807410.0,1719178411.0,,,,,,
코스피 100,1888.35,2040.85,152.5,8.08,27230725.0,1422658097.0,,,,,,
코스피 50,1613.5,1776.95,163.45,10.13,13900588.0,1056577774.0,,,,,,
코스피 200 중소형주,997.21,1029.1,31.89,3.2,9742595.0,226232911.0,,,,,,
코스피 200 초대형제외 지수,227.75,225.89,-1.86,-0.82,,,,,,,,
코스피200제외 코스피지수,2304.32,2504.39,200.07,8.68,,,,,,,,
코스피 200 커뮤니케이션서비스,1439.45,1579.15,139.7,9.71,,,,,,,,
코스피 200 건설,330.44,269.83,-60.61,-18.34,3157149.0,88654563.0,,,,,,
코스피 200 중공업,359.85,333.48,-26.37,-7.33,4934975.0,85916753.0,,,,,,
코스피 200 철강/소재,925.79,1002.57,76.78,8.29,900943.0,70011481.0,,,,,,
코스피 200 에너지/화학,910.19,1223.41,313.22,34.41,3205402.0,184016275.0,,,,,,
코스피 200 정보기술,1570.65,1703.06,132.41,8.43,4628647.0,417496358.0,,,,,,
코스피 200 금융,702.69,738.43,35.74,5.09,7565722.0,161349170.0,,,,,,
코스피 200 생활소비재,1248.67,1298.05,49.38,3.95,4178799.0,279417510.0,,,,,,
코스피 200 경기소비재,1783.84,1592.91,-190.93,-10.7,5154692.0,262352323.0,,,,,,
코스피 200 산업재,799.21,605.9,-193.31,-24.19,2214582.0,64795480.0,,,,,,
코스피 200 헬스케어,1212.56,1716.42,503.86,41.55,3866499.0,105168498.0,,,,,,
음식료·담배,4686.32,4403.79,-282.53,-6.03,5451930.0,73422700.0,,,,,,
섬유·의류,402.59,283.63,-118.96,-29.55,9364713.0,52378469.0,,,,,,
종이·목재,343.17,369.05,25.88,7.54,7986175.0,19897862.0,,,,,,
화학,4209.12,5156.06,946.94,22.5,9811112.0,290934722.0,,,,,,
제약,4891.26,7849.56,2958.3,60.48,17652708.0,200558327.0,,,,,,
비금속,1574.32,1363.17,-211.15,-13.41,2477236.0,21783795.0,,,,,,
금속,4817.67,4840.19,22.52,0.47,8289471.0,90643188.0,,,,,,
기계·장비,881.76,818.63,-63.13,-7.16,10223420.0,71572860.0,,,,,,
전기전자,10929.89,13720.78,2790.89,25.53,23541608.0,405975907.0,,,,,,
의료·정밀기기,1757.04,1972.42,215.38,12.26,18047066.0,11536651.0,,,,,,
운송장비·부품,1867.11,1768.99,-98.12,-5.26,10527397.0,205402466.0,,,,,,
유통,495.01,458.58,-36.43,-7.36,24220973.0,205644661.0,,,,,,
전기·가스,1317.6,1307.03,-10.57,-0.8,733442.0,35005222.0,,,,,,
건설,133.44,115.48,-17.96,-13.46,4101589.0,66424111.0,,,,,,
운송·창고,2331.76,1519.68,-812.08,-34.83,14832123.0,69320689.0,,,,,,
통신,387.69,343.51,-44.18,-11.4,1172405.0,38677973.0,,,,,,
금융,430.94,451.49,20.55,4.77,19243546.0,209052691.0,,,,,,
증권,1909.27,1777.05,-132.22,-6.93,8979720.0,61560653.0,,,,,,
보험,17709.46,18058.47,349.01,1.97,1868899.0,52781320.0,,,,,,
일반서비스,1075.57,1066.91,-8.66,-0.81,13428871.0,333614699.0,,,,,,
제조,4042.78,4606.9,564.12,13.95,128507297.0,1478630797.0,,,,,,
코스피 대형주,1897.18,2012.2,115.02,6.06,24275459.0,1376113044.0,,,,,,
코스피 중형주,2416.12,2548.12,132.0,5.46,35568744.0,527320037.0,,,,,,
코스피 소형주,1858.53,2063.31,204.78,11.02,143631815.0,424325276.0,,,,,,
코스피 200 비중상한 30%,251.28,270.38,19.1,7.6,,,,,,,,
코스피 200 비중상한 25%,251.37,270.47,19.1,7.6,,,,,,,,
코스피 200 비중상한 20%,251.72,269.45,17.73,7.04,,,,,,,,
오락·문화,,,,,,,,,,,,
IT 서비스,,,,,,,,,,,,
부동산,,,,,,,,,,,,
코스피 200 TOP 10,977.32,992.43,15.11,1.55,,,,,,,,
코스피,2107.63,,,,18567178.0,233350302.0,,,,,,
코스피 200,272.89,,,,3448209.0,170669798.0,,,,,,
코스피 100,2062.19,,,,2371219.0,148924849.0,,,,,,
코스피 50,1798.14,,,,1228684.0,118785162.0,,,,,,
코스피 200 중소형주,1023.19,,,,1076990.0,21744949.0,,,,,,
코스피 200 초대형제외 지수,226.69,,,,,,,,,,,
코스피200제외 코스피지수,2511.87,,,,,,,,,,,
코스피 200 커뮤니케이션서비스,1591.02,,,,,,,,,,,
코스피 200 건설,271.86,,,,293697.0,5392725.0,,,,,,
코스피 200 중공업,335.08,,,,349158.0,7248045.0,,,,,,
코스피 200 철강/소재,1025.72,,,,76926.0,7745560.0,,,,,,
코스피 200 에너지/화학,1240.14,,,,221416.0,16782669.0,,,,,,
코스피 200 정보기술,1745.51,,,,488160.0,54184685.0,,,,,,
코스피 200 금융,740.27,,,,745938.0,16287008.0,,,,,,
코스피 200 생활소비재,1277.61,,,,413116.0,27365167.0,,,,,,
코스피 200 경기소비재,1581.14,,,,458155.0,24159974.0,,,,,,
코스피 200 산업재,607.26,,,,124900.0,5448113.0,,,,,,
코스피 200 헬스케어,1662.65,,,,276743.0,6055852.0,,,,,,
음식료·담배,4324.93,,,,974557.0,9926251.0,,,,,,
섬유·의류,280.95,,,,730193.0,3279742.0,,,,,,
종이·목재,371.36,,,,532317.0,837708.0,,,,,,
화학,5129.85,,,,574925.0,24554452.0,,,,,,
제약,7742.47,,,,729842.0,10481826.0,,,,,,
비금속,1364.96,,,,131944.0,880253.0,,,,,,
금속,4977.27,,,,547316.0,10779596.0,,,,,,
기계·장비,815.5,,,,718802.0,5044346.0,,,,,,
전기전자,14092.18,,,,3469027.0,57848784.0,,,,,,
의료·정밀기기,1997.37,,,,2086967.0,1552160.0,,,,,,
운송장비·부품,1760.55,,,,950962.0,20222469.0,,,,,,
유통,457.18,,,,1764602.0,17700782.0,,,,,,
전기·가스,1300.79,,,,91343.0,4105676.0,,,,,,
건설,115.55,,,,957934.0,6452566.0,,,,,,
운송·창고,1527.43,,,,1073871.0,4852747.0,,,,,,
통신,344.01,,,,134526.0,4599279.0,,,,,,
금융,452.41,,,,1300097.0,19689221.0,,,,,,
증권,1798.44,,,,574136.0,3932508.0,,,,,,
보험,18017.39,,,,173247.0,5080376.0,,,,,,
일반서비스,1065.18,,,,1140137.0,26786479.0,,,,,,
제조,4658.86,,,,11649255.0,148585270.0,,,,,,
코스피 대형주,2027.73,,,,2453313.0,149766846.0,,,,,,
코스피 중형주,2545.5,,,,2616291.0,35692306.0,,,,,,
코스피 소형주,2071.44,,,,12854309.0,40138921.0,,,,,,
코스피 200 비중상한 30%,272.89,,,,,,,,,,,
코스피 200 비중상한 25%,272.99,,,,,,,,,,,
코스피 200 비중상한 20%,271.71,,,,,,,,,,,
오락·문화,,,,,,,,,,,,
IT 서비스,,,,,,,,,,,,
부동산,,,,,,,,,,,,
코스피 200 TOP 10,999.44,,,,,,,,,,,
,,,7.73,0.39,309544.0,4262649.0,2015/02/24,1976.12,1975.65,1980.38,1972.61,1229471283.0
,,,6.94,0.35,347581.0,4142518.0,2015/02/23,1968.39,1974.44,1976.96,1966.77,1224574990.0
,,,3.22,0.16,304531.0,3510747.0,2015/02/17,1961.45,1955.77,1962.97,1952.33,1220463775.0
,,,0.73,0.04,350944.0,3690780.0,2015/02/16,1958.23,1960.03,1963.44,1955.39,1218670142.0
,,,15.87,0.82,351080.0,4073754.0,2015/02/13,1957.5,1949.32,1957.5,1946.94,1218291649.0
,,,-4.07,-0.21,334825.0,4319340.0,2015/02/12,1941.63,1947.21,1947.47,1932.75,1208275844.0
,,,9.84,0.51,307454.0,4227731.0,2015/02/11,1945.7,1942.34,1948.89,1937.95,1210590445.0
,,,-11.14,-0.57,329203.0,4136832.0,2015/02/10,1935.86,1949.3,1954.2,1935.86,1205357397.0
,,,-8.52,-0.44,310182.0,4326855.0,2015/02/09,1947.0,1949.5,1952.86,1944.79,1212134056.0
,,,2.68,0.14,309818.0,5949733.0,2015/02/06,1955.52,1955.13,1955.52,1945.82,1217108796.0
,,,-9.95,-0.51,395653.0,4334613.0,2015/02/05,1952.84,1961.15,1962.15,1945.42,1215349284.0
,,,10.83,0.55,348032.0,5028816.0,2015/02/04,1962.79,1963.37,1970.27,1961.57,1221801023.0
,,,-0.72,-0.04,369978.0,4659076.0,2015/02/03,1951.96,1960.11,1960.35,1940.74,1214680337.0
,,,3.42,0.18,364831.0,4375860.0,2015/02/02,1952.68,1947.91,1956.1,1944.58,1215563731.0
,,,-1.76,-0.09,441477.0,5889623.0,2015/01/30,1949.26,1964.13,1964.13,1948.6,1213492316.0
,,,-10.56,-0.54,391034.0,5334660.0,2015/01/29,1951.02,1950.83,1960.12,1946.2,1214462590.0
,,,9.18,0.47,400930.0,5333257.0,2015/01/28,1961.58,1946.71,1963.53,1943.59,1220210452.0
,,,16.72,0.86,466962.0,4619118.0,2015/01/27,1952.4,1941.9,1952.41,1940.72,1214526540.0
,,,-0.41,-0.02,330607.0,3969674.0,2015/01/26,1935.68,1928.26,1936.4,1924.14,1204518131.0
,,,15.27,0.79,367702.0,4644549.0,2015/01/23,1936.09,1945.36,1945.36,1930.65,1205486406.0
,,,-0.41,-0.02,343132.0,4597898.0,2015/01/22,1920.82,1926.01,1932.5,1916.56,1196156121.0
,,,2.92,0.15,300843.0,4401216.0,2015/01/21,1921.23,1917.33,1921.88,1909.86,1196688635.0
,,,15.69,0.82,280895.0,3636919.0,2015/01/20,1918.31,1908.62,1918.85,1907.97,1193690149.0
,,,14.49,0.77,281120.0,3583091.0,2015/01/19,1902.62,1902.81,1912.42,1900.26,1183896613.0
,,,-26.01,-1.36,298733.0,4008277.0,2015/01/16,1888.13,1907.07,1907.07,1885.62,1174782572.0
,,,0.48,0.03,266544.0,3892782.0,2015/01/15,1914.14,1914.06,1919.69,1908.6,1191087315.0
,,,-3.48,-0.18,297517.0,4526793.0,2015/01/14,1913.66,1919.31,1925.68,1913.51,1190978917.0
,,,-3.81,-0.2,338989.0,4873084.0,2015/01/13,1917.14,1915.03,1920.77,1910.27,1193106587.0
,,,-3.75,-0.19,311915.0,3581796.0,2015/01/12,1920.95,1918.18,1924.66,1917.88,1195196342.0
,,,20.05,1.05,308781.0,4406669.0,2015/01/09,1924.7,1919.8,1929.1,1915.85,1197321954.0
,,,20.82,1.11,262207.0,4395567.0,2015/01/08,1904.65,1895.85,1907.23,1891.77,1185170312.0
,,,1.38,0.07,280510.0,3762677.0,2015/01/07,1883.83,1878.9,1887.6,1876.27,1171990821.0
,,,-33.3,-1.74,303688.0,4755440.0,2015/01/06,1882.45,1895.48,1900.02,1877.38,1171167157.0
,,,-10.69,-0.55,313443.0,4700136.0,2015/01/05,1915.75,1921.96,1921.96,1903.37,1191526455.0
,,,10.85,0.57,258776.0,3696029.0,2015/01/02,1926.44,1914.24,1929.15,1909.67,1198010248.0
,,,-12.27,-0.64,256437.0,3695016.0,2014/12/30,1915.59,1934.51,1937.55,1910.78,1192252867.0
,,,-20.3,-1.04,265809.0,3436899.0,2014/12/29,1927.86,1937.27,1941.33,1927.83,1199530880.0
,,,1.55,0.08,297006.0,3406230.0,2014/12/26,1948.16,1947.6,1954.77,1944.22,1212496532.0
,,,7.59,0.39,283866.0,3040952.0,2014/12/24,1946.61,1940.76,1947.35,1936.74,1211672361.0
,,,-4.1,-0.21,300797.0,3699646.0,2014/12/23,1939.02,1942.12,1944.75,1936.75,1206722355.0
,,,13.14,0.68,324535.0,4210383.0,2014/12/22,1943.12,1938.16,1944.2,1928.89,1209233265.0
,,,32.48,1.71,291792.0,4492734.0,2014/12/19,1929.98,1920.75,1930.08,1914.27,1200654704.0
,,,-2.66,-0.14,337298.0,5321982.0,2014/12/18,1897.5,1917.67,1919.24,1881.73,1180060070.0
,,,-3.97,-0.21,307269.0,4126755.0,2014/12/17,1900.16,1913.28,1913.28,1900.16,1166393654.0
,,,-16.23,-0.85,369417.0,4372158.0,2014/12/16,1904.13,1909.01,1919.6,1901.13,1169418313.0
,,,-1.35,-0.07,294421.0,3750325.0,2014/12/15,1920.36,1903.12,1920.43,1899.61,1179328568.0
,,,5.12,0.27,363470.0,3800864.0,2014/12/12,1921.71,1921.61,1926.67,1915.0,1179768455.0
,,,-28.97,-1.49,343635.0,4483230.0,2014/12/11,1916.59,1930.46,1937.23,1916.49,1176794065.0
,,,-25.39,-1.29,367890.0,3921969.0,2014/12/10,1945.56,1964.04,1966.11,1943.27,1194648226.0
,,,-8.0,-0.4,541162.0,3920050.0,2014/12/09,1970.95,1977.05,1977.15,1968.85,1210256689.0
,,,-7.67,-0.39,295139.0,3174102.0,2014/12/08,1978.95,1988.8,1990.04,1976.89,1214710820.0
,,,0.01,0.0,305548.0,3434291.0,2014/12/05,1986.62,1986.6,1989.17,1983.36,1219300665.0
,,,16.7,0.85,244390.0,3548271.0,2014/12/04,1986.61,1976.3,1988.56,1976.1,1219207715.0
,,,4.08,0.21,271112.0,3300716.0,2014/12/03,1969.91,1969.57,1973.96,1964.77,1209520923.0
,,,0.61,0.03,317912.0,3878547.0,2014/12/02,1965.83,1959.4,1965.83,1954.4,1206539932.0
,,,-15.56,-0.79,333977.0,4702648.0,2014/12/01,1965.22,1971.95,1971.97,1962.15,1206702110.0
,,,-1.31,-0.07,340696.0,4301527.0,2014/11/28,1980.78,1983.22,1984.73,1975.66,1216291668.0
,,,1.25,0.06,295509.0,5571155.0,2014/11/27,1982.09,1993.65,1994.82,1982.08,1216647112.0
,,,0.63,0.03,253288.0,4149141.0,2014/11/26,1980.84,1984.83,1985.43,1972.95,1213171829.0
,,,1.67,0.08,283188.0,6179891.0,2014/11/25,1980.21,1981.52,1981.85,1973.8,1212030108.0
,,,13.7,0.7,325448.0,5522180.0,2014/11/24,1978.54,1982.48,1985.18,1974.37,1212361924.0
,,,6.8,0.35,345924.0,4312378.0,2014/11/21,1964.84,1966.89,1969.43,1959.81,1203532466.0
,,,-8.83,-0.45,339217.0,4897218.0,2014/11/20,1958.04,1960.72,1962.69,1952.44,1199473654.0
,,,-0.14,-0.01,279559.0,4862234.0,2014/11/19,1966.87,1974.41,1974.41,1959.21,1204123337.0
,,,23.38,1.2,251273.0,4162331.0,2014/11/18,1967.01,1951.93,1967.01,1951.93,1203501311.0
,,,-1.51,-0.08,277521.0,4295322.0,2014/11/17,1943.63,1941.83,1948.33,1935.95,1188565644.0
,,,-15.37,-0.78,314797.0,5229761.0,2014/11/14,1945.14,1959.64,1959.64,1940.49,1189568574.0
,,,-6.76,-0.34,332595.0,3955188.0,2014/11/13,1960.51,1970.64,1973.33,1954.88,1173224354.0
,,,4.27,0.22,348499.0,4453554.0,2014/11/12,1967.27,1965.21,1974.69,1961.66,1177450841.0
,,,4.77,0.24,311396.0,4487342.0,2014/11/11,1963.0,1957.87,1965.41,1956.23,1175336193.0
,,,18.36,0.95,313262.0,4569692.0,2014/11/10,1958.23,1952.79,1965.35,1952.79,1172205579.0
,,,3.39,0.18,255424.0,3698464.0,2014/11/07,1939.87,1935.75,1943.26,1932.17,1160795853.0
,,,5.05,0.26,360571.0,4810115.0,2014/11/06,1936.48,1933.45,1939.32,1923.05,1159251242.0
,,,-3.76,-0.19,332277.0,4070610.0,2014/11/05,1931.43,1938.61,1944.5,1928.99,1155979437.0
,,,-17.78,-0.91,391713.0,4971537.0,2014/11/04,1935.19,1950.15,1956.73,1928.52,1158786117.0
,,,-11.46,-0.58,344497.0,4531278.0,2014/11/03,1952.97,1959.66,1961.04,1947.83,1169555834.0
,,,5.5,0.28,349405.0,5484310.0,2014/10/31,1964.43,1963.26,1967.08,1951.07,1176141815.0
,,,-2.24,-0.11,311049.0,5001949.0,2014/10/30,1958.93,1956.92,1959.49,1944.24,1171918049.0
,,,35.49,1.84,396615.0,5453658.0,2014/10/29,1961.17,1938.8,1961.49,1931.59,1172687222.0
,,,-6.29,-0.33,414616.0,3836238.0,2014/10/28,1925.68,1935.46,1936.28,1924.37,1150732700.0
,,,6.28,0.33,408840.0,4067186.0,2014/10/27,1931.97,1933.91,1939.25,1929.26,1154738007.0
,,,-5.96,-0.31,419428.0,5303285.0,2014/10/24,1925.69,1942.46,1942.72,1916.84,1150626216.0
,,,-5.32,-0.27,372833.0,4410224.0,2014/10/23,1931.65,1932.43,1944.45,1924.14,1153611569.0
,,,21.69,1.13,399095.0,4413393.0,2014/10/22,1936.97,1936.91,1936.99,1924.21,1156193304.0
,,,-14.78,-0.77,405921.0,4370561.0,2014/10/21,1915.28,1923.62,1923.62,1911.03,1143668374.0
,,,29.4,1.55,344669.0,3613517.0,2014/10/20,1930.06,1918.84,1933.12,1917.54,1152487600.0
,,,-18.17,-0.95,362078.0,4649540.0,2014/10/17,1900.66,1923.51,1923.51,1896.54,1134184890.0
,,,-7.08,-0.37,313611.0,4714662.0,2014/10/16,1918.83,1911.45,1922.94,1904.77,1144980112.0
,,,-3.34,-0.17,310342.0,4086447.0,2014/10/15,1925.91,1932.11,1938.85,1918.77,1149637323.0
,,,2.04,0.11,335506.0,4173407.0,2014/10/14,1929.25,1933.45,1940.21,1926.87,1151248477.0
,,,-13.71,-0.71,308918.0,4026421.0,2014/10/13,1927.21,1919.48,1932.37,1918.48,1149472751.0
,,,-24.33,-1.24,342823.0,4426278.0,2014/10/10,1940.92,1953.98,1953.98,1931.88,1157291259.0
,,,-7.66,-0.39,266180.0,3830164.0,2014/10/08,1965.25,1957.9,1974.27,1957.9,1172092213.0
,,,4.52,0.23,328234.0,3867833.0,2014/10/07,1972.91,1979.83,1982.96,1966.22,1177791138.0
,,,-7.77,-0.39,325078.0,4815761.0,2014/10/06,1968.39,1987.89,1988.39,1968.3,1174935314.0
,,,-15.38,-0.77,322656.0,4729990.0,2014/10/02,1976.16,1984.43,1985.06,1966.17,1179088115.0
,,,-28.55,-1.41,351581.0,4441210.0,2014/10/01,1991.54,2013.47,2013.47,1989.84,1188892215.0
,,,-6.51,-0.32,322812.0,4735620.0,2014/09/30,2020.09,2023.18,2029.17,2007.3,1205667458.0
,,,-5.04,-0.25,339588.0,4482154.0,2014/09/29,2026.6,2035.93,2036.44,2021.37,1210002566.0
,,,-2.47,-0.12,313524.0,3923739.0,2014/09/26,2031.64,2019.17,2031.65,2018.7,1212299060.0
,,,-1.53,-0.08,325375.0,4767145.0,2014/09/25,2034.11,2045.66,2046.26,2030.09,1213621148.0
,,,6.73,0.33,332586.0,4454289.0,2014/09/24,2035.64,2024.75,2036.26,2019.91,1214686508.0
,,,-10.36,-0.51,427814.0,4684342.0,2014/09/23,2028.91,2028.9,2036.25,2025.16,1211414916.0
,,,-14.55,-0.71,323891.0,3546258.0,2014/09/22,2039.27,2053.3,2053.3,2032.36,1217580202.0
,,,6.08,0.3,397737.0,5082729.0,2014/09/19,2053.82,2057.56,2062.37,2053.66,1226930256.0
,,,-14.87,-0.72,394273.0,5301546.0,2014/09/18,2047.74,2058.21,2063.26,2044.17,1224740978.0
,,,19.69,0.96,351669.0,3547677.0,2014/09/17,2062.61,2052.06,2062.62,2051.11,1234808846.0
,,,7.1,0.35,365691.0,3124074.0,2014/09/16,2042.92,2039.92,2045.65,2036.23,1222848573.0
,,,-6.04,-0.3,297606.0,3193377.0,2014/09/15,2035.82,2039.03,2040.08,2028.8,1218520932.0
,,,7.7,0.38,362672.0,3902826.0,2014/09/12,2041.86,2042.51,2048.21,2037.37,1222399166.0
,,,-15.25,-0.74,333410.0,5085207.0,2014/09/11,2034.16,2046.97,2052.16,2034.13,1218106324.0
,,,-6.85,-0.33,343350.0,4008853.0,2014/09/05,2049.41,2053.18,2059.04,2044.68,1226434933.0
,,,5.06,0.25,376388.0,4565258.0,2014/09/04,2056.26,2059.05,2065.27,2050.79,1230671342.0
,,,-0.38,-0.02,337971.0,4788980.0,2014/09/03,2051.2,2050.09,2054.08,2040.44,1227489872.0
,,,-16.28,-0.79,323115.0,4036802.0,2014/09/02,2051.58,2065.97,2066.0,2049.15,1228125552.0
,,,-0.68,-0.03,272469.0,3227361.0,2014/09/01,2067.86,2067.8,2072.59,2062.3,1238177303.0
,,,-7.22,-0.35,301374.0,4170410.0,2014/08/29,2068.54,2070.73,2073.03,2060.14,1238885906.0
,,,0.83,0.04,305877.0,3856656.0,2014/08/28,2075.76,2083.03,2088.86,2072.14,1242448675.0
,,,6.88,0.33,337612.0,4377076.0,2014/08/27,2074.93,2075.45,2081.83,2070.77,1241311661.0
,,,7.16,0.35,288908.0,3681605.0,2014/08/26,2068.05,2069.07,2072.42,2065.15,1237096620.0
,,,4.19,0.2,272045.0,3509580.0,2014/08/25,2060.89,2049.16,2062.23,2044.2,1232838851.0
,,,12.49,0.61,277858.0,3518019.0,2014/08/22,2056.7,2048.24,2058.46,2046.54,1231530548.0
,,,-28.57,-1.38,307795.0,4543755.0,2014/08/21,2044.21,2067.63,2068.22,2041.91,1223731385.0
,,,1.64,0.08,315355.0,4570238.0,2014/08/20,2072.78,2080.77,2082.21,2063.61,1240739513.0
,,,18.01,0.88,327123.0,4354976.0,2014/08/19,2071.14,2065.19,2074.43,2064.34,1239831248.0
,,,-10.09,-0.49,300419.0,3681608.0,2014/08/18,2053.13,2070.95,2073.05,2053.13,1229293819.0
,,,0.86,0.04,270849.0,3896829.0,2014/08/14,2063.22,2065.69,2073.42,2056.06,1235480942.0
,,,20.89,1.02,280664.0,4259535.0,2014/08/13,2062.36,2046.68,2062.36,2043.11,1235137815.0
,,,2.1,0.1,312800.0,3787468.0,2014/08/12,2041.47,2048.39,2055.85,2038.14,1222390791.0
,,,8.27,0.41,285843.0,3639332.0,2014/08/11,2039.37,2048.18,2048.18,2037.8,1221590076.0
,,,-23.41,-1.14,354821.0,4575174.0,2014/08/08,2031.1,2049.51,2051.06,2026.56,1216269889.0
,,,-6.22,-0.3,292936.0,3839026.0,2014/08/07,2054.51,2062.24,2063.53,2047.75,1230673159.0
,,,-5.53,-0.27,377267.0,5166631.0,2014/08/06,2060.73,2062.93,2068.08,2055.68,1234435500.0
,,,-14.16,-0.68,346821.0,4091101.0,2014/08/05,2066.26,2076.17,2077.73,2058.92,1235463036.0
,,,7.32,0.35,253202.0,3928490.0,2014/08/04,2080.42,2080.77,2083.05,2067.17,1244311925.0
,,,-3.02,-0.15,271966.0,5045081.0,2014/08/01,2073.1,2063.71,2079.81,2062.54,1239637683.0
,,,-6.49,-0.31,383727.0,6152484.0,2014/07/31,2076.12,2081.75,2090.57,2070.78,1242416181.0
,,,20.64,1.0,343286.0,6554445.0,2014/07/30,2082.61,2064.47,2093.08,2062.88,1247342842.0
,,,13.16,0.64,408767.0,6010165.0,2014/07/29,2061.97,2054.03,2065.96,2053.41,1234218218.0
,,,14.96,0.74,349019.0,4671198.0,2014/07/28,2048.81,2035.96,2053.84,2035.96,1225549866.0
,,,7.23,0.36,282770.0,4013166.0,2014/07/25,2033.85,2030.04,2036.2,2027.33,1216907377.0
,,,-1.7,-0.08,323591.0,4637131.0,2014/07/24,2026.62,2032.94,2034.72,2021.22,1212260708.0
,,,-0.61,-0.03,353511.0,4257989.0,2014/07/23,2028.32,2032.73,2035.24,2025.0,1213088910.0
,,,10.43,0.52,265888.0,3216327.0,2014/07/22,2028.93,2021.18,2028.93,2017.76,1213663849.0
,,,-0.92,-0.05,274627.0,3283644.0,2014/07/21,2018.5,2028.02,2030.61,2016.42,1207696011.0
,,,-1.48,-0.07,304521.0,3675088.0,2014/07/18,2019.42,2007.12,2019.42,2006.01,1208349636.0
,,,7.42,0.37,322695.0,3930847.0,2014/07/17,2020.9,2020.52,2025.41,2018.77,1209321504.0
,,,0.76,0.04,315167.0,3996303.0,2014/07/16,2013.48,2015.67,2018.05,2008.99,1204405022.0
,,,18.84,0.94,361202.0,4151005.0,2014/07/15,2012.72,2004.93,2015.54,2004.49,1203933125.0
,,,5.14,0.26,270389.0,3138080.0,2014/07/14,1993.88,1998.26,2001.11,1993.57,1191685330.0
,,,-14.1,-0.7,277018.0,3625600.0,2014/07/11,1988.74,1988.93,1993.46,1985.53,1188243362.0
,,,2.34,0.12,327639.0,3719177.0,2014/07/10,2002.84,2004.63,2006.5,1999.96,1196159283.0
,,,-6.16,-0.31,272746.0,3767880.0,2014/07/09,2000.5,1997.57,2000.89,1992.42,1194372170.0
,,,1.54,0.08,259357.0,3463333.0,2014/07/08,2006.66,2003.55,2009.22,1997.87,1198251712.0
,,,-4.54,-0.23,228339.0,3060457.0,2014/07/07,2005.12,2007.53,2009.32,1998.03,1197431476.0
,,,-1.31,-0.07,241514.0,3091701.0,2014/07/04,2009.66,2018.35,2018.35,2005.84,1201174664.0
,,,-4.31,-0.21,259914.0,3515649.0,2014/07/03,2010.97,2015.99,2015.99,2007.86,1202025896.0
,,,16.28,0.81,318423.0,3854655.0,2014/07/02,2015.28,2008.0,2016.36,2002.4,1204968688.0
,,,-3.21,-0.16,238871.0,3004955.0,2014/07/01,1999.0,1993.29,1999.0,1987.89,1195109536.0
,,,13.7,0.69,201128.0,2989877.0,2014/06/30,2002.21,1996.13,2002.21,1992.65,1197216680.0
,,,-6.54,-0.33,218845.0,3395119.0,2014/06/27,1988.51,1990.9,1997.01,1983.88,1189211533.0
,,,13.28,0.67,273508.0,3888526.0,2014/06/26,1995.05,1983.0,1997.08,1982.48,1193162601.0
,,,-12.58,-0.63,336654.0,3377439.0,2014/06/25,1981.77,1992.69,1993.6,1980.78,1185269808.0
,,,19.43,0.98,250605.0,3664549.0,2014/06/24,1994.35,1976.24,1998.31,1976.24,1191474710.0
,,,6.85,0.35,231738.0,3413606.0,2014/06/23,1974.92,1975.1,1980.31,1971.61,1179863856.0
,,,-23.96,-1.2,232659.0,4818547.0,2014/06/20,1968.07,1990.71,1990.73,1965.12,1175231501.0
,,,2.54,0.13,257886.0,4106727.0,2014/06/19,1992.03,1994.23,1999.11,1985.89,1188805113.0
,,,-12.06,-0.6,216850.0,3461771.0,2014/06/18,1989.49,2002.26,2002.26,1987.03,1187513869.0
,,,7.96,0.4,236597.0,3624572.0,2014/06/17,2001.55,1994.89,2002.96,1991.53,1194598365.0
,,,2.74,0.14,233604.0,4477999.0,2014/06/16,1993.59,1986.86,1995.86,1985.3,1189532355.0
,,,-20.8,-1.03,223113.0,3563016.0,2014/06/13,1990.85,2005.55,2005.55,1984.04,1187881505.0
,,,-3.02,-0.15,251876.0,4272657.0,2014/06/12,2011.65,2013.6,2015.8,2003.57,1200875452.0
,,,2.87,0.14,238049.0,3885296.0,2014/06/11,2014.67,2009.51,2016.78,2006.73,1203071979.0
,,,21.76,1.09,234933.0,3923313.0,2014/06/10,2011.8,2000.89,2011.87,1996.21,1201875160.0
,,,-5.44,-0.27,209610.0,4571158.0,2014/06/09,1990.04,2004.73,2008.86,1986.53,1188827320.0
,,,-13.08,-0.65,222092.0,5144478.0,2014/06/05,1995.48,2007.2,2007.2,1986.95,1193090538.0
,,,6.56,0.33,266745.0,4885634.0,2014/06/03,2008.56,2006.31,2008.56,1990.72,1200537779.0
,,,7.04,0.35,265591.0,3161273.0,2014/06/02,2002.0,1998.81,2006.93,1995.69,1196965465.0
,,,-17.3,-0.86,247325.0,5225528.0,2014/05/30,1994.96,2015.37,2019.17,1994.96,1192616535.0
,,,-4.8,-0.24,228539.0,3689730.0,2014/05/29,2012.26,2020.67,2021.96,2009.23,1203222657.0
,,,19.43,0.97,210651.0,3321719.0,2014/05/28,2017.06,2000.26,2017.06,1997.89,1204945765.0
,,,-12.72,-0.63,221792.0,2756316.0,2014/05/27,1997.63,2014.87,2016.73,1988.44,1193473387.0
,,,-6.82,-0.34,196576.0,2724855.0,2014/05/26,2010.35,2016.21,2020.96,2008.14,1200835265.0
,,,1.58,0.08,241806.0,3171820.0,2014/05/23,2017.17,2013.09,2017.96,2011.76,1205425595.0
,,,7.26,0.36,231079.0,3663770.0,2014/05/22,2015.59,2015.41,2022.59,2011.6,1205229332.0
,,,-2.93,-0.15,224091.0,3402512.0,2014/05/21,2008.33,2003.48,2015.63,2001.74,1200117082.0
,,,-3.88,-0.19,248337.0,3912590.0,2014/05/20,2011.26,2011.85,2014.46,2004.32,1201975284.0
,,,1.7,0.08,265596.0,4486142.0,2014/05/19,2015.14,2013.79,2015.53,2002.89,1203926336.0
,,,3.24,0.16,232530.0,4068564.0,2014/05/16,2013.44,2003.48,2013.44,1997.27,1200657575.0
,,,-0.63,-0.03,259392.0,3463925.0,2014/05/15,2010.2,2007.88,2015.37,2006.38,1198705189.0
,,,27.9,1.41,233872.0,3783903.0,2014/05/14,2010.83,1990.99,2010.85,1990.79,1199185952.0
,,,17.99,0.92,242163.0,3754720.0,2014/05/13,1982.93,1973.08,1988.41,1969.6,1182730515.0
,,,8.39,0.43,201644.0,3790541.0,2014/05/12,1964.94,1956.26,1966.64,1950.91,1171779409.0
,,,5.95,0.31,205210.0,3484374.0,2014/05/09,1956.55,1953.48,1958.34,1949.64,1165867751.0
,,,10.72,0.55,222431.0,3990941.0,2014/05/08,1950.6,1945.94,1950.6,1934.72,1162106102.0
,,,-19.56,-1.0,193041.0,3640810.0,2014/05/07,1939.88,1964.19,1964.19,1939.55,1155215338.0
,,,-2.35,-0.12,179541.0,3311796.0,2014/05/02,1959.44,1966.29,1968.5,1956.32,1166905543.0
,,,-2.98,-0.15,227318.0,3929405.0,2014/04/30,1961.79,1973.56,1974.33,1955.15,1168022515.0
,,,-4.49,-0.23,177609.0,3042953.0,2014/04/29,1964.77,1974.67,1976.17,1960.36,1170173959.0
,,,-2.4,-0.12,168833.0,2847285.0,2014/04/28,1969.26,1969.04,1976.56,1969.04,1173235833.0
,,,-26.68,-1.34,208364.0,3799283.0,2014/04/25,1971.66,1996.61,1996.64,1971.66,1174879181.0
,,,-2.03,-0.1,235075.0,3606129.0,2014/04/24,1998.34,2006.38,2007.17,1993.18,1190474482.0
,,,-3.85,-0.19,241735.0,4199638.0,2014/04/23,2000.37,2010.06,2013.09,1999.78,1191105814.0
,,,5.0,0.25,212020.0,3146989.0,2014/04/22,2004.22,2000.94,2004.42,1991.47,1193370731.0
,,,-5.06,-0.25,205579.0,2224803.0,2014/04/21,1999.22,2006.21,2006.95,1993.53,1190468906.0
,,,12.23,0.61,206507.0,2819027.0,2014/04/18,2004.28,1998.52,2005.22,1998.26,1193488635.0
,,,-0.16,-0.01,200186.0,2909693.0,2014/04/17,1992.05,2000.47,2001.29,1984.98,1186479050.0
,,,-0.06,0.0,230741.0,3310621.0,2014/04/16,1992.21,1994.31,1995.86,1986.25,1186827071.0
,,,-4.75,-0.24,194527.0,3499220.0,2014/04/15,1992.27,2008.49,2009.04,1990.34,1186722341.0
,,,-0.42,-0.02,205712.0,2950553.0,2014/04/14,1997.02,1993.81,2001.0,1993.07,1189276141.0
,,,-11.17,-0.56,218126.0,3558322.0,2014/04/11,1997.44,1985.28,1997.44,1985.16,1189691462.0
,,,9.66,0.48,232447.0,4238894.0,2014/04/10,2008.61,2007.71,2008.98,1995.79,1196039755.0
,,,5.92,0.3,233699.0,4788022.0,2014/04/09,1998.95,1997.98,2001.15,1992.12,1190172635.0
,,,3.33,0.17,218149.0,3764184.0,2014/04/08,1993.03,1977.61,1994.58,1977.61,1187174800.0
,,,1.61,0.08,186350.0,3728397.0,2014/04/07,1989.7,1984.29,1992.18,1978.63,1185203842.0
,,,-5.61,-0.28,225636.0,4084987.0,2014/04/04,1988.09,1987.84,1993.96,1985.76,1184376735.0
,,,-3.55,-0.18,225726.0,4246353.0,2014/04/03,1993.7,1999.42,2007.88,1992.16,1187580409.0
,,,5.27,0.26,220913.0,3990737.0,2014/04/02,1997.25,2000.13,2001.26,1995.08,1188798733.0
,,,6.37,0.32,214642.0,3928822.0,2014/04/01,1991.98,1983.78,1991.98,1976.06,1185785443.0
,,,4.61,0.23,241041.0,4468746.0,2014/03/31,1985.61,1988.73,1989.8,1973.05,1182487723.0
,,,3.03,0.15,244600.0,3446079.0,2014/03/28,1981.0,1972.63,1985.5,1971.25,1179689111.0
,,,13.66,0.7,218061.0,3995924.0,2014/03/27,1977.97,1963.66,1979.7,1963.1,1177397398.0
,,,23.06,1.19,248946.0,4037196.0,2014/03/26,1964.31,1954.6,1965.44,1953.69,1166858037.0
,,,-4.3,-0.22,225161.0,3784243.0,2014/03/25,1941.25,1940.9,1946.09,1936.62,1152682778.0
,,,10.61,0.55,228281.0,3312591.0,2014/03/24,1945.55,1937.06,1950.54,1937.06,1155825063.0
,,,15.42,0.8,252871.0,3505573.0,2014/03/21,1934.94,1930.24,1935.18,1927.85,1149659070.0
,,,-18.16,-0.94,220601.0,3338319.0,2014/03/20,1919.52,1934.15,1934.63,1919.37,1136823563.0
,,,-2.53,-0.13,249083.0,3439445.0,2014/03/19,1937.68,1947.34,1948.15,1935.27,1147631632.0
,,,12.68,0.66,274288.0,3630380.0,2014/03/18,1940.21,1941.12,1946.14,1931.83,1149414871.0
,,,7.63,0.4,214930.0,3314520.0,2014/03/17,1927.53,1921.15,1928.43,1919.61,1142264281.0
,,,-14.48,-0.75,254026.0,4059805.0,2014/03/14,1919.9,1916.07,1927.89,1913.64,1138300480.0
,,,1.84,0.1,259620.0,4479877.0,2014/03/13,1934.38,1940.35,1946.28,1931.75,1147366864.0
,,,-31.33,-1.6,329924.0,4312315.0,2014/03/12,1932.54,1957.67,1958.09,1930.48,1146460580.0
,,,9.45,0.48,247468.0,3473789.0,2014/03/11,1963.87,1957.22,1963.87,1951.2,1164815468.0
,,,-20.26,-1.03,214944.0,3440604.0,2014/03/10,1954.42,1967.63,1967.66,1951.96,1159472446.0
,,,-0.94,-0.05,231557.0,3515860.0,2014/03/07,1974.68,1979.7,1983.53,1968.66,1171060533.0
,,,4.38,0.22,193740.0,3410649.0,2014/03/06,1975.62,1973.67,1975.62,1968.17,1171515309.0
,,,17.13,0.88,197699.0,3626531.0,2014/03/05,1971.24,1973.28,1977.3,1970.28,1168716655.0
,,,-10.58,-0.54,200370.0,3113422.0,2014/03/04,1954.11,1954.58,1963.56,1952.61,1158112097.0
,,,-15.3,-0.77,222622.0,3469132.0,2014/03/03,1964.69,1967.9,1969.16,1955.11,1164446936.0
,,,1.56,0.08,252826.0,4878448.0,2014/02/28,1979.99,1976.48,1981.15,1972.65,1173450011.0
,,,7.66,0.39,201056.0,3877560.0,2014/02/27,1978.43,1969.85,1980.37,1965.7,1171847901.0
,,,5.91,0.3,209148.0,3986950.0,2014/02/26,1970.77,1963.45,1973.88,1955.92,1166730716.0
,,,15.81,0.81,226039.0,3975946.0,2014/02/25,1964.86,1958.3,1964.86,1955.7,1162958605.0
,,,-8.78,-0.45,193814.0,2944617.0,2014/02/24,1949.05,1958.06,1961.41,1943.86,1153967952.0
,,,27.26,1.41,216316.0,3600765.0,2014/02/21,1957.83,1948.03,1957.83,1946.68,1159141464.0
,,,-12.36,-0.64,232323.0,3904855.0,2014/02/20,1930.57,1932.9,1941.13,1927.53,1141966182.0
,,,-3.98,-0.2,213564.0,3119311.0,2014/02/19,1942.93,1944.7,1944.7,1932.44,1149193005.0
,,,0.55,0.03,200447.0,2773013.0,2014/02/18,1946.91,1946.88,1951.06,1935.6,1151092003.0
,,,6.08,0.31,215468.0,3439629.0,2014/02/17,1946.36,1951.74,1955.04,1942.94,1150542879.0
,,,13.32,0.69,216591.0,3270026.0,2014/02/14,1940.28,1930.14,1946.81,1930.14,1147041419.0
,,,-8.88,-0.46,187857.0,2968183.0,2014/02/13,1926.96,1936.62,1944.73,1924.39,1138106027.0
,,,3.78,0.2,225374.0,3648993.0,2014/02/12,1935.84,1942.23,1942.23,1933.54,1143419058.0
,,,8.76,0.46,226381.0,3421273.0,2014/02/11,1932.06,1924.45,1935.29,1920.55,1140585899.0
,,,0.8,0.04,207959.0,3246751.0,2014/02/10,1923.3,1928.13,1928.39,1916.4,1135246423.0
,,,14.61,0.77,272962.0,4472645.0,2014/02/07,1922.5,1922.45,1923.25,1910.9,1134992271.0
,,,16.57,0.88,259441.0,4100991.0,2014/02/06,1907.89,1897.35,1910.91,1897.35,1126361443.0
,,,4.47,0.24,244029.0,3962750.0,2014/02/05,1891.32,1897.95,1901.4,1888.47,1116573655.0
,,,-33.11,-1.72,250976.0,4537324.0,2014/02/04,1886.85,1894.96,1898.08,1885.53,1113660661.0
,,,-21.19,-1.09,229649.0,3978605.0,2014/02/03,1919.96,1930.09,1931.81,1917.64,1133350198.0
,,,24.22,1.26,219931.0,4474473.0,2014/01/29,1941.15,1925.93,1941.71,1925.52,1145521359.0
,,,6.59,0.34,270495.0,4203369.0,2014/01/28,1916.93,1907.18,1919.26,1904.05,1131142939.0
,,,-30.22,-1.56,340433.0,4415731.0,2014/01/27,1910.34,1905.91,1918.68,1899.76,1126909522.0
,,,-7.03,-0.36,279237.0,4517695.0,2014/01/24,1940.56,1941.55,1947.01,1924.49,1145070242.0
,,,-22.83,-1.16,229385.0,3510341.0,2014/01/23,1947.59,1968.77,1969.04,1947.01,1147763645.0
,,,6.53,0.33,243857.0,3534708.0,2014/01/22,1970.42,1960.46,1970.42,1959.57,1160859115.0
,,,10.11,0.52,289327.0,3344664.0,2014/01/21,1963.89,1955.26,1965.43,1949.56,1156970056.0
,,,9.3,0.48,279527.0,2870463.0,2014/01/20,1953.78,1945.99,1955.28,1934.38,1150713348.0
,,,-12.84,-0.66,260911.0,3334538.0,2014/01/17,1944.48,1958.5,1962.64,1943.13,1145571788.0
,,,4.04,0.21,379567.0,3481407.0,2014/01/16,1957.32,1957.91,1965.27,1955.79,1152865766.0
,,,7.21,0.37,250867.0,3831057.0,2014/01/15,1953.28,1956.43,1956.84,1945.87,1150706047.0
,,,-2.85,-0.15,244063.0,3521774.0,2014/01/14,1946.07,1942.79,1961.73,1939.31,1147401414.0
,,,10.38,0.54,267942.0,3356428.0,2014/01/13,1948.92,1947.38,1954.07,1942.83,1148897376.0
,,,-7.57,-0.39,262993.0,4501003.0,2014/01/10,1938.54,1949.53,1956.97,1931.16,1143204026.0
,,,-12.85,-0.66,276402.0,4700223.0,2014/01/09,1946.11,1962.3,1964.59,1946.11,1147927559.0
,,,-0.48,-0.02,217070.0,4362641.0,2014/01/08,1958.96,1965.5,1966.95,1950.02,1155336478.0
,,,6.16,0.32,193027.0,3686916.0,2014/01/07,1959.44,1947.65,1965.74,1947.08,1155148368.0
,,,7.14,0.37,193630.0,3647066.0,2014/01/06,1953.28,1947.62,1961.85,1943.74,1151821444.0
,,,-21.05,-1.07,188529.0,3997968.0,2014/01/03,1946.14,1963.72,1964.63,1936.15,1147185473.0
,,,-44.15,-2.2,207770.0,4309772.0,2014/01/02,1967.19,2013.11,2013.89,1967.19,1159892814.0
,,,9.06,0.45,172231.0,3261548.0,2013/12/30,2011.34,2004.32,2011.34,1998.61,1185973724.0
,,,2.98,0.15,207767.0,2953686.0,2013/12/27,2002.28,1994.05,2004.55,1987.58,1181350647.0
,,,-2.29,-0.11,230531.0,3269851.0,2013/12/26,1999.3,2004.25,2009.96,1997.34,1179612714.0
,,,4.7,0.24,214694.0,3263759.0,2013/12/24,2001.59,2000.24,2007.34,1994.34,1181164013.0
,,,13.54,0.68,222998.0,3233607.0,2013/12/23,1996.89,1993.45,2000.07,1989.0,1178966725.0
,,,7.7,0.39,247065.0,3266872.0,2013/12/20,1983.35,1973.12,1984.44,1972.59,1171122108.0
,,,1.02,0.05,255817.0,3869648.0,2013/12/19,1975.65,1996.79,1997.02,1969.95,1166222898.0
,,,8.89,0.45,258664.0,3877244.0,2013/12/18,1974.63,1971.85,1982.42,1966.18,1165258056.0
,,,4.59,0.23,253888.0,3811258.0,2013/12/17,1965.74,1977.94,1979.62,1962.22,1160168228.0
,,,-1.76,-0.09,213506.0,2987690.0,2013/12/16,1961.15,1960.6,1970.25,1956.63,1157484195.0
,,,-5.02,-0.26,234102.0,3788319.0,2013/12/13,1962.91,1963.04,1963.81,1947.44,1158225847.0
,,,-10.04,-0.51,255084.0,4082828.0,2013/12/12,1967.93,1966.44,1970.51,1958.99,1161407641.0
,,,-15.48,-0.78,231374.0,3519643.0,2013/12/11,1977.97,1987.22,2000.15,1972.87,1166361600.0
,,,-6.93,-0.35,200955.0,3073437.0,2013/12/10,1993.45,2000.03,2001.33,1989.41,1174575975.0
,,,19.97,1.01,230269.0,3066473.0,2013/12/09,2000.38,2000.52,2003.97,1997.58,1178210602.0
,,,-4.36,-0.22,201897.0,3329453.0,2013/12/06,1980.41,1982.99,1990.55,1980.4,1166680545.0
,,,-2.03,-0.1,217668.0,3420746.0,2013/12/05,1984.77,1993.73,1994.32,1971.44,1169904929.0
,,,-22.56,-1.12,230327.0,3645118.0,2013/12/04,1986.8,1998.69,2006.71,1986.8,1171088722.0
,,,-21.42,-1.05,294947.0,3753760.0,2013/12/03,2009.36,2023.62,2028.07,2008.55,1184027197.0
,,,-14.09,-0.69,229692.0,3273687.0,2013/12/02,2030.78,2050.45,2052.88,2029.1,1196240276.0
,,,-0.9,-0.04,245371.0,3429544.0,2013/11/29,2044.87,2044.85,2050.7,2038.46,1204177351.0
,,,16.96,0.84,276271.0,4118739.0,2013/11/28,2045.77,2039.73,2047.66,2037.73,1204595427.0
,,,6.17,0.31,284075.0,4006049.0,2013/11/27,2028.81,2016.28,2028.81,2010.84,1194332357.0
,,,6.66,0.33,275309.0,3474546.0,2013/11/26,2022.64,2008.19,2022.66,1998.9,1190624549.0
,,,9.75,0.49,295512.0,3117501.0,2013/11/25,2015.98,2020.0,2031.11,2015.98,1187432873.0
,,,12.45,0.62,350985.0,3543776.0,2013/11/22,2006.23,2002.15,2011.2,1992.48,1181439809.0
,,,-23.46,-1.16,292666.0,3323343.0,2013/11/21,1993.78,2013.71,2013.71,1985.65,1174753347.0
,,,-14.4,-0.71,334803.0,4465360.0,2013/11/20,2017.24,2028.34,2029.61,2010.74,1188364623.0
,,,20.83,1.04,402796.0,4303735.0,2013/11/19,2031.64,2009.95,2033.91,2009.47,1197407145.0
,,,5.17,0.26,313967.0,3090012.0,2013/11/18,2010.81,2014.24,2018.17,2009.76,1185243686.0
,,,38.08,1.94,264691.0,3714811.0,2013/11/15,2005.64,1980.99,2006.31,1980.99,1181428720.0
,,,4.0,0.2,323107.0,3810480.0,2013/11/14,1967.56,1980.2,1981.89,1963.42,1159172087.0
,,,-31.92,-1.6,251537.0,3512885.0,2013/11/13,1963.56,1993.16,1993.16,1963.56,1156389159.0
,,,18.18,0.92,247355.0,3247241.0,2013/11/12,1995.48,1983.94,2000.41,1983.89,1175662116.0
,,,-7.57,-0.38,286217.0,3410526.0,2013/11/11,1977.3,1995.86,1995.86,1973.05,1164304748.0
,,,-19.17,-0.96,287309.0,4559408.0,2013/11/08,1984.87,1987.21,1998.59,1984.86,1168529970.0
,,,-9.63,-0.48,310947.0,3714066.0,2013/11/07,2004.04,2014.85,2017.55,2000.6,1179655618.0
,,,-0.26,-0.01,273687.0,3985662.0,2013/11/06,2013.67,2015.32,2023.52,2011.41,1185252602.0
,,,-11.24,-0.56,257824.0,3560407.0,2013/11/05,2013.93,2027.62,2029.6,2010.2,1184949401.0
,,,-14.25,-0.7,235243.0,3529048.0,2013/11/04,2025.17,2035.08,2035.84,2022.91,1191456177.0
,,,9.33,0.46,294190.0,3657015.0,2013/11/01,2039.42,2037.25,2041.23,2030.57,1199505101.0
,,,-29.49,-1.43,254504.0,4547712.0,2013/10/31,2030.09,2050.96,2055.59,2030.09,1193781142.0
,,,7.82,0.38,263429.0,4219985.0,2013/10/30,2059.58,2055.0,2059.58,2043.93,1210746392.0
,,,3.62,0.18,307654.0,3634698.0,2013/10/29,2051.76,2046.67,2053.78,2039.46,1202192038.0
,,,13.75,0.68,257528.0,3938574.0,2013/10/28,2048.14,2037.28,2048.14,2030.9,1199879847.0
,,,-12.3,-0.6,234838.0,4032298.0,2013/10/25,2034.39,2047.46,2047.46,2023.82,1191286127.0
,,,10.94,0.54,254851.0,3815456.0,2013/10/24,2046.69,2034.96,2046.69,2027.93,1198492789.0
,,,-20.37,-0.99,367991.0,5363363.0,2013/10/23,2035.75,2062.81,2063.28,2035.75,1192377257.0
,,,3.11,0.15,378783.0,4804581.0,2013/10/22,2056.12,2051.01,2056.12,2045.45,1204010754.0
,,,0.61,0.03,281928.0,4150876.0,2013/10/21,2053.01,2054.16,2060.18,2047.83,1202158775.0
,,,11.79,0.58,257592.0,4489538.0,2013/10/18,2052.4,2046.56,2052.4,2041.36,1201648691.0
,,,6.0,0.29,306925.0,4897614.0,2013/10/17,2040.61,2051.19,2052.44,2035.96,1195012616.0
,,,-6.35,-0.31,267494.0,4500343.0,2013/10/16,2034.61,2040.03,2049.5,2033.75,1191320797.0
,,,20.69,1.02,233625.0,4089309.0,2013/10/15,2040.96,2034.69,2045.5,2033.84,1195360367.0
,,,-4.63,-0.23,220739.0,3629371.0,2013/10/14,2020.27,2026.07,2026.79,2019.65,1182866225.0
,,,23.5,1.17,254286.0,4723740.0,2013/10/11,2024.9,2018.01,2028.11,2012.66,1185550555.0
,,,-1.36,-0.07,222678.0,3994657.0,2013/10/10,2001.4,2000.91,2010.0,1997.66,1172144212.0
,,,8.34,0.42,329570.0,4244447.0,2013/10/08,2002.76,1987.97,2002.78,1981.21,1172608965.0
,,,-2.56,-0.13,249767.0,3435894.0,2013/10/07,1994.42,1997.17,2002.61,1991.02,1167479562.0
,,,-2.49,-0.12,241066.0,4325025.0,2013/10/04,1996.98,1999.92,2004.65,1985.63,1168813449.0
,,,0.6,0.03,238252.0,4378234.0,2013/10/02,1999.47,2012.07,2012.82,1999.02,1170019740.0
,,,1.91,0.1,281273.0,3901939.0,2013/10/01,1998.87,1997.62,2012.52,1991.22,1169026733.0
,,,-14.84,-0.74,292784.0,4187246.0,2013/09/30,1996.96,2002.02,2005.41,1994.22,1167983077.0
,,,4.48,0.22,282342.0,4167116.0,2013/09/27,2011.8,2012.26,2016.34,2008.25,1176651142.0
,,,9.26,0.46,255553.0,3998832.0,2013/09/26,2007.32,1992.1,2007.32,1991.1,1174108692.0
,,,-9.04,-0.45,294753.0,4393043.0,2013/09/25,1998.06,2004.53,2006.88,1988.87,1168835688.0
,,,-2.31,-0.11,309360.0,4253699.0,2013/09/24,2007.1,2001.51,2011.11,1990.36,1173541498.0
,,,3.83,0.19,249540.0,5091612.0,2013/09/23,2009.41,2000.72,2015.18,1994.77,1175205663.0
,,,-7.79,-0.39,264662.0,4325668.0,2013/09/17,2005.58,2009.31,2009.31,1994.31,1173129129.0
,,,19.05,0.96,248501.0,4123681.0,2013/09/16,2013.37,2011.69,2018.02,2004.45,1178297790.0
,,,-9.74,-0.49,253920.0,4018597.0,2013/09/13,1994.32,1994.95,2004.87,1992.26,1166419019.0
,,,0.21,0.01,359256.0,6694453.0,2013/09/12,2004.06,2004.67,2017.48,1995.16,1172233803.0
,,,9.79,0.49,299412.0,4630469.0,2013/09/11,2003.85,1995.96,2003.85,1987.4,1172067141.0
,,,19.39,0.98,264328.0,5438042.0,2013/09/10,1994.06,1978.08,1994.06,1974.59,1166207819.0
,,,19.36,0.99,270737.0,4513740.0,2013/09/09,1974.67,1964.09,1974.67,1962.62,1155210813.0
,,,3.66,0.19,324987.0,4313481.0,2013/09/06,1955.31,1954.11,1962.15,1949.01,1144367011.0
,,,18.62,0.96,286744.0,4491993.0,2013/09/05,1951.65,1943.66,1954.21,1937.82,1142101029.0
,,,-0.71,-0.04,284191.0,4100970.0,2013/09/04,1933.03,1929.6,1938.26,1921.93,1131372891.0
,,,8.93,0.46,300060.0,4078554.0,2013/09/03,1933.74,1934.24,1940.99,1928.09,1131601423.0
,,,-1.55,-0.08,243989.0,3476993.0,2013/09/02,1924.81,1925.32,1932.46,1921.01,1126896999.0
,,,18.82,0.99,300931.0,5106302.0,2013/08/30,1926.36,1918.91,1926.37,1910.37,1128186068.0
,,,23.02,1.22,301696.0,4794557.0,2013/08/29,1907.54,1892.03,1914.9,1891.59,1116639956.0
,,,-1.32,-0.07,378294.0,3441946.0,2013/08/28,1884.52,1862.51,1885.35,1861.56,1099618237.0
,,,-2.02,-0.11,409263.0,3771554.0,2013/08/27,1885.84,1883.71,1896.63,1881.44,1100572387.0
,,,17.7,0.95,316295.0,3304216.0,2013/08/26,1887.86,1876.59,1890.38,1876.59,1101705255.0
,,,21.04,1.14,374963.0,3901636.0,2013/08/23,1870.16,1861.58,1876.14,1854.67,1091377242.0
,,,-18.34,-0.98,425947.0,4284094.0,2013/08/22,1849.12,1847.94,1858.5,1838.52,1079283752.0
,,,-20.39,-1.08,411236.0,4311941.0,2013/08/21,1867.46,1891.01,1894.74,1863.6,1089791973.0
,,,-29.79,-1.55,350351.0,4262101.0,2013/08/20,1887.85,1910.3,1923.42,1885.93,1101748112.0
,,,-2.47,-0.13,302123.0,3345600.0,2013/08/19,1917.64,1917.32,1918.71,1909.8,1118784577.0
,,,-3.8,-0.2,348502.0,3772941.0,2013/08/16,1920.11,1903.72,1927.59,1901.7,1120558042.0
,,,10.88,0.57,363325.0,4112711.0,2013/08/14,1923.91,1912.59,1925.1,1908.92,1122009055.0
,,,28.2,1.5,362604.0,4108405.0,2013/08/13,1913.03,1893.42,1913.03,1890.78,1115161524.0
,,,4.12,0.22,297512.0,3100505.0,2013/08/12,1884.83,1878.5,1894.42,1878.33,1098124277.0
,,,-3.26,-0.17,283475.0,3540885.0,2013/08/09,1880.71,1884.57,1888.79,1876.07,1095958729.0
,,,5.64,0.3,338168.0,3685849.0,2013/08/08,1883.97,1884.58,1896.07,1879.13,1097598670.0
,,,-28.29,-1.48,312431.0,3564849.0,2013/08/07,1878.33,1892.47,1895.5,1878.33,1094186637.0
,,,-9.6,-0.5,294649.0,3495318.0,2013/08/06,1906.62,1914.06,1914.06,1895.87,1110767727.0
,,,-7.16,-0.37,233985.0,2761888.0,2013/08/05,1916.22,1920.83,1925.6,1915.69,1116329229.0
,,,2.64,0.14,298152.0,4040964.0,2013/08/02,1923.38,1936.26,1939.28,1920.98,1120302447.0
,,,6.71,0.35,336061.0,3637309.0,2013/08/01,1920.74,1916.56,1925.32,1906.74,1118344706.0
,,,-3.02,-0.16,384142.0,4082140.0,2013/07/31,1914.03,1915.47,1920.6,1910.82,1114570889.0
,,,17.16,0.9,366881.0,3597795.0,2013/07/30,1917.05,1901.88,1917.11,1900.54,1115962494.0
,,,-10.92,-0.57,337586.0,4251052.0,2013/07/29,1899.89,1908.66,1912.57,1899.02,1105825306.0
,,,1.2,0.06,320158.0,3865050.0,2013/07/26,1910.81,1912.05,1915.97,1902.47,1112185944.0
,,,-2.47,-0.13,311997.0,3901940.0,2013/07/25,1909.61,1906.57,1913.91,1904.44,1111781427.0
,,,7.93,0.42,322150.0,3546452.0,2013/07/24,1912.08,1904.07,1914.41,1901.15,1113033436.0
,,,23.8,1.27,352402.0,4347626.0,2013/07/23,1904.15,1890.55,1904.15,1885.57,1108262924.0
,,,8.94,0.48,356944.0,3651968.0,2013/07/22,1880.35,1880.81,1894.41,1873.17,1094411490.0
,,,-4.07,-0.22,319620.0,3633387.0,2013/07/19,1871.41,1880.44,1881.4,1861.43,1089440290.0
,,,-12.01,-0.64,380292.0,3520563.0,2013/07/18,1875.48,1883.07,1885.01,1870.78,1092229858.0
,,,21.13,1.13,382917.0,4022467.0,2013/07/17,1887.49,1871.29,1894.7,1856.55,1097943788.0
,,,-8.8,-0.47,303330.0,2998516.0,2013/07/16,1866.36,1875.53,1875.68,1860.37,1085812119.0
,,,5.18,0.28,330028.0,3187406.0,2013/07/15,1875.16,1870.26,1877.46,1847.82,1090687661.0
,,,-7.62,-0.41,265986.0,3490852.0,2013/07/12,1869.98,1873.66,1873.66,1863.4,1087516259.0
,,,53.44,2.93,331466.0,3999957.0,2013/07/11,1877.6,1840.34,1877.6,1840.34,1091690784.0
,,,-6.19,-0.34,267902.0,3284077.0,2013/07/10,1824.16,1835.94,1836.91,1818.94,1060272376.0
,,,13.5,0.74,257901.0,3169263.0,2013/07/09,1830.35,1828.63,1831.35,1815.03,1063799729.0
,,,-16.46,-0.9,303581.0,3586498.0,2013/07/08,1816.85,1830.81,1840.57,1809.72,1055955742.0
,,,-5.83,-0.32,285636.0,3778605.0,2013/07/05,1833.31,1848.97,1857.39,1828.75,1065611605.0
,,,14.48,0.79,313016.0,3157936.0,2013/07/04,1839.14,1830.49,1840.38,1825.62,1069330149.0
,,,-30.36,-1.64,405797.0,3773792.0,2013/07/03,1824.66,1854.29,1860.46,1823.1,1061220053.0
,,,-0.71,-0.04,483157.0,3895815.0,2013/07/02,1855.02,1861.26,1867.18,1850.29,1078800375.0
,,,-7.59,-0.41,220875.0,3037859.0,2013/07/01,1855.73,1851.57,1866.63,1850.03,1079755041.0
,,,28.62,1.56,251086.0,4464976.0,2013/06/28,1863.32,1844.6,1864.09,1844.6,1084216314.0
,,,51.25,2.87,286261.0,4189195.0,2013/06/27,1834.7,1809.55,1839.52,1809.4,1067530899.0
,,,2.82,0.16,296936.0,4291538.0,2013/06/26,1783.45,1799.74,1799.74,1772.49,1037012895.0
,,,-18.38,-1.02,332240.0,4462928.0,2013/06/25,1780.63,1790.33,1807.62,1770.53,1034842516.0
,,,-23.82,-1.31,220937.0,3170128.0,2013/06/24,1799.01,1821.22,1821.22,1798.98,1045767756.0
,,,-27.66,-1.49,290459.0,5016380.0,2013/06/21,1822.83,1806.4,1823.99,1806.02,1059243089.0
,,,-37.82,-2.0,355762.0,4403154.0,2013/06/20,1850.49,1864.37,1873.18,1844.41,1075097288.0
,,,-12.31,-0.65,279751.0,3320371.0,2013/06/19,1888.31,1899.5,1899.5,1883.41,1097284518.0
,,,17.52,0.93,278590.0,3431625.0,2013/06/18,1900.62,1887.72,1900.63,1872.7,1104303671.0
,,,-6.14,-0.32,264449.0,3269889.0,2013/06/17,1883.1,1889.45,1897.7,1878.4,1094084169.0
,,,6.51,0.35,279281.0,3531111.0,2013/06/14,1889.24,1895.77,1896.6,1881.5,1097671145.0
,,,-27.18,-1.42,306431.0,5090299.0,2013/06/13,1882.73,1905.1,1911.04,1881.24,1094042721.0
,,,-10.77,-0.56,253382.0,3435834.0,2013/06/12,1909.91,1913.6,1921.54,1907.29,1109673608.0
,,,-12.02,-0.62,288160.0,4438074.0,2013/06/11,1920.68,1933.1,1933.34,1910.05,1115447452.0
,,,8.85,0.46,271732.0,3767751.0,2013/06/10,1932.7,1927.19,1934.92,1923.59,1122836445.0
,,,-35.34,-1.8,341120.0,5503416.0,2013/06/07,1923.85,1953.83,1954.82,1923.84,1117571379.0
,,,-30.32,-1.52,340501.0,4541747.0,2013/06/05,1959.19,1988.94,1989.29,1959.19,1139394675.0
,,,-0.06,0.0,334900.0,3984004.0,2013/06/04,1989.51,1998.38,1999.73,1979.42,1156404299.0
,,,-11.48,-0.57,333504.0,3677704.0,2013/06/03,1989.57,1993.11,2000.56,1989.51,1156984540.0
,,,0.95,0.05,397506.0,5363927.0,2013/05/31,2001.05,2009.25,2013.29,2000.82,1164218037.0
,,,-1.1,-0.05,435687.0,5113490.0,2013/05/30,2000.1,1999.83,2008.23,1997.84,1163762659.0
,,,14.98,0.75,362633.0,4753537.0,2013/05/29,2001.2,1993.69,2009.43,1992.68,1163572273.0
,,,6.25,0.32,311410.0,3904894.0,2013/05/28,1986.22,1983.58,1991.2,1978.89,1155012831.0
,,,6.52,0.33,256076.0,2983328.0,2013/05/27,1979.97,1974.59,1984.13,1971.53,1151412148.0
,,,4.26,0.22,273552.0,3715204.0,2013/05/24,1973.45,1979.35,1979.93,1961.59,1147532278.0
,,,-24.64,-1.24,342936.0,4646225.0,2013/05/23,1969.19,1985.91,1991.35,1969.19,1145194694.0
,,,12.74,0.64,326447.0,4533886.0,2013/05/22,1993.83,1991.76,1998.7,1987.23,1159571377.0
,,,-1.34,-0.07,245783.0,3788271.0,2013/05/21,1981.09,1994.02,1995.1,1976.17,1152767119.0
,,,-4.38,-0.22,274387.0,4416784.0,2013/05/20,1982.43,1990.36,1991.27,1982.43,1152804334.0
,,,15.55,0.79,322202.0,4877407.0,2013/05/16,1986.81,1980.03,1991.98,1980.03,1153610816.0
,,,2.43,0.12,246959.0,3802990.0,2013/05/15,1971.26,1971.96,1972.44,1963.52,1143926905.0
,,,20.13,1.03,328476.0,4142333.0,2013/05/14,1968.83,1954.39,1972.5,1954.13,1142328051.0
,,,3.95,0.2,251572.0,3123214.0,2013/05/13,1948.7,1936.86,1948.7,1935.57,1130139084.0
,,,-34.7,-1.75,283839.0,4269864.0,2013/05/10,1944.75,1975.48,1975.48,1944.75,1127552244.0
,,,23.0,1.18,332552.0,5053128.0,2013/05/09,1979.45,1963.61,1982.32,1961.5,1147349139.0
,,,2.1,0.11,337936.0,4150810.0,2013/05/08,1956.45,1961.73,1964.08,1952.38,1133671416.0
,,,-7.13,-0.36,299865.0,3652250.0,2013/05/07,1954.35,1962.28,1962.87,1951.27,1132276841.0
,,,-4.23,-0.22,294946.0,3940973.0,2013/05/06,1961.48,1977.44,1983.64,1960.14,1136983152.0
,,,8.5,0.43,312534.0,4226194.0,2013/05/03,1965.71,1967.88,1968.04,1953.4,1138986144.0
,,,-6.74,-0.34,349694.0,4181073.0,2013/05/02,1957.21,1961.67,1966.68,1954.28,1133905237.0
,,,23.25,1.2,403076.0,4974715.0,2013/04/30,1963.95,1947.07,1967.06,1946.99,1137603875.0
,,,-3.86,-0.2,266047.0,3648041.0,2013/04/29,1940.7,1948.87,1948.97,1934.68,1123442141.0
,,,-7.04,-0.36,280159.0,4068279.0,2013/04/26,1944.56,1949.92,1951.86,1942.37,1125822987.0
,,,16.29,0.84,334964.0,4598111.0,2013/04/25,1951.6,1937.88,1951.66,1935.81,1132526986.0
,,,16.68,0.87,341103.0,4432548.0,2013/04/24,1935.31,1931.06,1939.35,1921.03,1123145299.0
,,,-7.68,-0.4,260475.0,3530275.0,2013/04/23,1918.63,1924.43,1924.79,1908.77,1113588807.0
,,,19.56,1.03,258760.0,3708314.0,2013/04/22,1926.31,1903.97,1926.31,1901.98,1117660686.0
,,,6.69,0.35,331261.0,4506379.0,2013/04/19,1906.75,1899.35,1910.24,1888.3,1106458900.0
,,,-23.78,-1.24,343475.0,4283588.0,2013/04/18,1900.06,1916.55,1919.53,1900.05,1102587293.0
,,,1.63,0.08,415255.0,5357147.0,2013/04/17,1923.84,1934.61,1934.82,1910.78,1116209168.0
,,,1.76,0.09,393055.0,5468460.0,2013/04/16,1922.21,1900.18,1926.65,1896.69,1115146719.0
,,,-3.78,-0.2,332949.0,4295489.0,2013/04/15,1920.45,1916.06,1927.72,1907.35,1114218879.0
,,,-25.57,-1.31,407384.0,5009019.0,2013/04/12,1924.23,1954.22,1956.21,1919.9,1116543051.0
,,,14.22,0.73,386578.0,4794566.0,2013/04/11,1949.8,1944.53,1949.8,1926.54,1131170162.0
,,,14.84,0.77,320151.0,4234863.0,2013/04/10,1935.58,1933.73,1939.19,1923.43,1122790871.0
,,,2.05,0.11,356633.0,3887652.0,2013/04/09,1920.74,1918.13,1934.74,1901.96,1114217952.0
,,,-8.54,-0.44,313346.0,3996922.0,2013/04/08,1918.69,1927.04,1933.95,1918.69,1112641816.0
,,,-32.22,-1.64,372650.0,4924576.0,2013/04/05,1927.23,1948.33,1952.1,1916.77,1117250181.0
,,,-23.77,-1.2,415397.0,4710366.0,2013/04/04,1959.45,1963.39,1965.19,1938.89,1135677591.0
,,,-2.93,-0.15,396383.0,4345089.0,2013/04/03,1983.22,1990.71,1992.4,1972.02,1149188579.0
,,,-9.84,-0.49,496115.0,4489984.0,2013/04/02,1986.15,1996.81,2001.78,1973.27,1150919004.0
,,,-8.9,-0.44,269152.0,2623899.0,2013/04/01,1995.99,2009.94,2010.15,1994.54,1156365856.0
,,,11.37,0.57,341600.0,3482485.0,2013/03/29,2004.89,2007.12,2013.21,2003.96,1161664022.0
,,,0.08,0.0,367681.0,3474997.0,2013/03/28,1993.52,1989.7,1995.31,1985.45,1154966955.0
,,,9.74,0.49,362612.0,3904751.0,2013/03/27,1993.44,1991.91,1996.56,1973.72,1154906916.0
,,,6.03,0.3,298849.0,4009408.0,2013/03/26,1983.7,1976.81,1990.23,1975.6,1149442317.0
,,,28.96,1.49,276300.0,3464867.0,2013/03/25,1977.67,1968.85,1981.75,1968.14,1145937243.0
,,,-2.11,-0.11,259617.0,3380255.0,2013/03/22,1948.71,1949.03,1956.33,1946.05,1129142026.0
,,,-8.59,-0.44,262865.0,3592258.0,2013/03/21,1950.82,1969.3,1973.26,1950.82,1130245565.0
,,,-19.15,-0.97,332896.0,3827538.0,2013/03/20,1959.41,1969.19,1978.17,1959.4,1135121324.0
,,,10.38,0.53,326790.0,3719502.0,2013/03/19,1978.56,1978.41,1989.46,1973.23,1146187755.0
,,,-18.32,-0.92,304266.0,3962518.0,2013/03/18,1968.18,1974.71,1982.92,1968.18,1139864464.0
,,,-15.63,-0.78,307400.0,5289392.0,2013/03/15,1986.5,2009.71,2009.71,1985.91,1150618650.0
,,,2.4,0.12,330921.0,4164053.0,2013/03/14,2002.13,2000.07,2002.13,1978.57,1159494856.0
,,,6.39,0.32,353043.0,3496866.0,2013/03/13,1999.73,1994.79,1999.73,1988.19,1158212809.0
,,,-10.01,-0.5,390222.0,3353388.0,2013/03/12,1993.34,2006.84,2007.44,1990.17,1154250683.0
,,,-2.66,-0.13,398284.0,3840014.0,2013/03/11,2003.35,2000.57,2006.3,1982.38,1160013381.0
,,,1.61,0.08,312058.0,3614261.0,2013/03/08,2006.01,2001.97,2007.37,1994.25,1161386962.0
,,,-16.34,-0.81,386477.0,3723377.0,2013/03/07,2004.4,2018.63,2018.63,1998.29,1160519860.0
,,,4.13,0.2,395369.0,4112573.0,2013/03/06,2020.74,2033.17,2033.89,2016.65,1170295115.0
,,,3.46,0.17,491945.0,3819824.0,2013/03/05,2016.61,2022.41,2031.65,2016.6,1167859319.0
,,,-13.34,-0.66,357436.0,4381358.0,2013/03/04,2013.15,2028.55,2029.32,2011.09,1165805726.0
,,,22.45,1.12,421958.0,4196153.0,2013/02/28,2026.49,2019.05,2030.85,2016.15,1173192547.0
,,,4.03,0.2,417074.0,3529938.0,2013/02/27,2004.04,2008.94,2014.96,1999.65,1160169475.0
,,,-9.51,-0.47,433410.0,3594864.0,2013/02/26,2000.01,1993.12,2005.86,1991.96,1157937941.0
,,,-9.37,-0.46,338229.0,3171218.0,2013/02/25,2009.52,2022.51,2022.77,2008.78,1163524091.0
,,,7.73,0.39,309544.0,4262649.0,2015/02/24,1976.12,1975.65,1980.38,1972.61,1229471283.0
,,,6.94,0.35,347581.0,4142518.0,2015/02/23,1968.39,1974.44,1976.96,1966.77,1224574990.0
,,,3.22,0.16,304531.0,3510747.0,2015/02/17,1961.45,1955.77,1962.97,1952.33,1220463775.0
,,,0.73,0.04,350944.0,3690780.0,2015/02/16,1958.23,1960.03,1963.44,1955.39,1218670142.0
,,,15.87,0.82,351080.0,4073754.0,2015/02/13,1957.5,1949.32,1957.5,1946.94,1218291649.0
,,,-4.07,-0.21,334825.0,4319340.0,2015/02/12,1941.63,1947.21,1947.47,1932.75,1208275844.0
,,,9.84,0.51,307454.0,4227731.0,2015/02/11,1945.7,1942.34,1948.89,1937.95,1210590445.0
,,,-11.14,-0.57,329203.0,4136832.0,2015/02/10,1935.86,1949.3,1954.2,1935.86,1205357397.0
,,,-8.52,-0.44,310182.0,4326855.0,2015/02/09,1947.0,1949.5,1952.86,1944.79,1212134056.0
,,,2.68,0.14,309818.0,5949733.0,2015/02/06,1955.52,1955.13,1955.52,1945.82,1217108796.0
,,,-9.95,-0.51,395653.0,4334613.0,2015/02/05,1952.84,1961.15,1962.15,1945.42,1215349284.0
,,,10.83,0.55,348032.0,5028816.0,2015/02/04,1962.79,1963.37,1970.27,1961.57,1221801023.0
,,,-0.72,-0.04,369978.0,4659076.0,2015/02/03,1951.96,1960.11,1960.35,1940.74,1214680337.0
,,,3.42,0.18,364831.0,4375860.0,2015/02/02,1952.68,1947.91,1956.1,1944.58,1215563731.0
,,,-1.76,-0.09,441477.0,5889623.0,2015/01/30,1949.26,1964.13,1964.13,1948.6,1213492316.0
,,,-10.56,-0.54,391034.0,5334660.0,2015/01/29,1951.02,1950.83,1960.12,1946.2,1214462590.0
,,,9.18,0.47,400930.0,5333257.0,2015/01/28,1961.58,1946.71,1963.53,1943.59,1220210452.0
,,,16.72,0.86,466962.0,4619118.0,2015/01/27,1952.4,1941.9,1952.41,1940.72,1214526540.0
,,,-0.41,-0.02,330607.0,3969674.0,2015/01/26,1935.68,1928.26,1936.4,1924.14,1204518131.0
,,,15.27,0.79,367702.0,4644549.0,2015/01/23,1936.09,1945.36,1945.36,1930.65,1205486406.0
,,,-0.41,-0.02,343132.0,4597898.0,2015/01/22,1920.82,1926.01,1932.5,1916.56,1196156121.0
,,,2.92,0.15,300843.0,4401216.0,2015/01/21,1921.23,1917.33,1921.88,1909.86,1196688635.0
,,,15.69,0.82,280895.0,3636919.0,2015/01/20,1918.31,1908.62,1918.85,1907.97,1193690149.0
,,,14.49,0.77,281120.0,3583091.0,2015/01/19,1902.62,1902.81,1912.42,1900.26,1183896613.0
,,,-26.01,-1.36,298733.0,4008277.0,2015/01/16,1888.13,1907.07,1907.07,1885.62,1174782572.0
,,,0.48,0.03,266544.0,3892782.0,2015/01/15,1914.14,1914.06,1919.69,1908.6,1191087315.0
,,,-3.48,-0.18,297517.0,4526793.0,2015/01/14,1913.66,1919.31,1925.68,1913.51,1190978917.0
,,,-3.81,-0.2,338989.0,4873084.0,2015/01/13,1917.14,1915.03,1920.77,1910.27,1193106587.0
,,,-3.75,-0.19,311915.0,3581796.0,2015/01/12,1920.95,1918.18,1924.66,1917.88,1195196342.0
,,,20.05,1.05,308781.0,4406669.0,2015/01/09,1924.7,1919.8,1929.1,1915.85,1197321954.0
,,,20.82,1.11,262207.0,4395567.0,2015/01/08,1904.65,1895.85,1907.23,1891.77,1185170312.0
,,,1.38,0.07,280510.0,3762677.0,2015/01/07,1883.83,1878.9,1887.6,1876.27,1171990821.0
,,,-33.3,-1.74,303688.0,4755440.0,2015/01/06,1882.45,1895.48,1900.02,1877.38,1171167157.0
,,,-10.69,-0.55,313443.0,4700136.0,2015/01/05,1915.75,1921.96,1921.96,1903.37,1191526455.0
,,,10.85,0.57,258776.0,3696029.0,2015/01/02,1926.44,1914.24,1929.15,1909.67,1198010248.0
,,,-12.27,-0.64,256437.0,3695016.0,2014/12/30,1915.59,1934.51,1937.55,1910.78,1192252867.0
,,,-20.3,-1.04,265809.0,3436899.0,2014/12/29,1927.86,1937.27,1941.33,1927.83,1199530880.0
,,,1.55,0.08,297006.0,3406230.0,2014/12/26,1948.16,1947.6,1954.77,1944.22,1212496532.0
,,,7.59,0.39,283866.0,3040952.0,2014/12/24,1946.61,1940.76,1947.35,1936.74,1211672361.0
,,,-4.1,-0.21,300797.0,3699646.0,2014/12/23,1939.02,1942.12,1944.75,1936.75,1206722355.0
,,,13.14,0.68,324535.0,4210383.0,2014/12/22,1943.12,1938.16,1944.2,1928.89,1209233265.0
,,,32.48,1.71,291792.0,4492734.0,2014/12/19,1929.98,1920.75,1930.08,1914.27,1200654704.0
,,,-2.66,-0.14,337298.0,5321982.0,2014/12/18,1897.5,1917.67,1919.24,1881.73,1180060070.0
,,,-3.97,-0.21,307269.0,4126755.0,2014/12/17,1900.16,1913.28,1913.28,1900.16,1166393654.0
,,,-16.23,-0.85,369417.0,4372158.0,2014/12/16,1904.13,1909.01,1919.6,1901.13,1169418313.0
,,,-1.35,-0.07,294421.0,3750325.0,2014/12/15,1920.36,1903.12,1920.43,1899.61,1179328568.0
,,,5.12,0.27,363470.0,3800864.0,2014/12/12,1921.71,1921.61,1926.67,1915.0,1179768455.0
,,,-28.97,-1.49,343635.0,4483230.0,2014/12/11,1916.59,1930.46,1937.23,1916.49,1176794065.0
,,,-25.39,-1.29,367890.0,3921969.0,2014/12/10,1945.56,1964.04,1966.11,1943.27,1194648226.0
,,,-8.0,-0.4,541162.0,3920050.0,2014/12/09,1970.95,1977.05,1977.15,1968.85,1210256689.0
,,,-7.67,-0.39,295139.0,3174102.0,2014/12/08,1978.95,1988.8,1990.04,1976.89,1214710820.0
,,,0.01,0.0,305548.0,3434291.0,2014/12/05,1986.62,1986.6,1989.17,1983.36,1219300665.0
,,,16.7,0.85,244390.0,3548271.0,2014/12/04,1986.61,1976.3,1988.56,1976.1,1219207715.0
,,,4.08,0.21,271112.0,3300716.0,2014/12/03,1969.91,1969.57,1973.96,1964.77,1209520923.0
,,,0.61,0.03,317912.0,3878547.0,2014/12/02,1965.83,1959.4,1965.83,1954.4,1206539932.0
,,,-15.56,-0.79,333977.0,4702648.0,2014/12/01,1965.22,1971.95,1971.97,1962.15,1206702110.0
,,,-1.31,-0.07,340696.0,4301527.0,2014/11/28,1980.78,1983.22,1984.73,1975.66,1216291668.0
,,,1.25,0.06,295509.0,5571155.0,2014/11/27,1982.09,1993.65,1994.82,1982.08,1216647112.0
,,,0.63,0.03,253288.0,4149141.0,2014/11/26,1980.84,1984.83,1985.43,1972.95,1213171829.0
,,,1.67,0.08,283188.0,6179891.0,2014/11/25,1980.21,1981.52,1981.85,1973.8,1212030108.0
,,,13.7,0.7,325448.0,5522180.0,2014/11/24,1978.54,1982.48,1985.18,1974.37,1212361924.0
,,,6.8,0.35,345924.0,4312378.0,2014/11/21,1964.84,1966.89,1969.43,1959.81,1203532466.0
,,,-8.83,-0.45,339217.0,4897218.0,2014/11/20,1958.04,1960.72,1962.69,1952.44,1199473654.0
,,,-0.14,-0.01,279559.0,4862234.0,2014/11/19,1966.87,1974.41,1974.41,1959.21,1204123337.0
,,,23.38,1.2,251273.0,4162331.0,2014/11/18,1967.01,1951.93,1967.01,1951.93,1203501311.0
,,,-1.51,-0.08,277521.0,4295322.0,2014/11/17,1943.63,1941.83,1948.33,1935.95,1188565644.0
,,,-15.37,-0.78,314797.0,5229761.0,2014/11/14,1945.14,1959.64,1959.64,1940.49,1189568574.0
,,,-6.76,-0.34,332595.0,3955188.0,2014/11/13,1960.51,1970.64,1973.33,1954.88,1173224354.0
,,,4.27,0.22,348499.0,4453554.0,2014/11/12,1967.27,1965.21,1974.69,1961.66,1177450841.0
,,,4.77,0.24,311396.0,4487342.0,2014/11/11,1963.0,1957.87,1965.41,1956.23,1175336193.0
,,,18.36,0.95,313262.0,4569692.0,2014/11/10,1958.23,1952.79,1965.35,1952.79,1172205579.0
,,,3.39,0.18,255424.0,3698464.0,2014/11/07,1939.87,1935.75,1943.26,1932.17,1160795853.0
,,,5.05,0.26,360571.0,4810115.0,2014/11/06,1936.48,1933.45,1939.32,1923.05,1159251242.0
,,,-3.76,-0.19,332277.0,4070610.0,2014/11/05,1931.43,1938.61,1944.5,1928.99,1155979437.0
,,,-17.78,-0.91,391713.0,4971537.0,2014/11/04,1935.19,1950.15,1956.73,1928.52,1158786117.0
,,,-11.46,-0.58,344497.0,4531278.0,2014/11/03,1952.97,1959.66,1961.04,1947.83,1169555834.0
,,,5.5,0.28,349405.0,5484310.0,2014/10/31,1964.43,1963.26,1967.08,1951.07,1176141815.0
,,,-2.24,-0.11,311049.0,5001949.0,2014/10/30,1958.93,1956.92,1959.49,1944.24,1171918049.0
,,,35.49,1.84,396615.0,5453658.0,2014/10/29,1961.17,1938.8,1961.49,1931.59,1172687222.0
,,,-6.29,-0.33,414616.0,3836238.0,2014/10/28,1925.68,1935.46,1936.28,1924.37,1150732700.0
,,,6.28,0.33,408840.0,4067186.0,2014/10/27,1931.97,1933.91,1939.25,1929.26,1154738007.0
,,,-5.96,-0.31,419428.0,5303285.0,2014/10/24,1925.69,1942.46,1942.72,1916.84,1150626216.0
,,,-5.32,-0.27,372833.0,4410224.0,2014/10/23,1931.65,1932.43,1944.45,1924.14,1153611569.0
,,,21.69,1.13,399095.0,4413393.0,2014/10/22,1936.97,1936.91,1936.99,1924.21,1156193304.0
,,,-14.78,-0.77,405921.0,4370561.0,2014/10/21,1915.28,1923.62,1923.62,1911.03,1143668374.0
,,,29.4,1.55,344669.0,3613517.0,2014/10/20,1930.06,1918.84,1933.12,1917.54,1152487600.0
,,,-18.17,-0.95,362078.0,4649540.0,2014/10/17,1900.66,1923.51,1923.51,1896.54,1134184890.0
,,,-7.08,-0.37,313611.0,4714662.0,2014/10/16,1918.83,1911.45,1922.94,1904.77,1144980112.0
,,,-3.34,-0.17,310342.0,4086447.0,2014/10/15,1925.91,1932.11,1938.85,1918.77,1149637323.0
,,,2.04,0.11,335506.0,4173407.0,2014/10/14,1929.25,1933.45,1940.21,1926.87,1151248477.0
,,,-13.71,-0.71,308918.0,4026421.0,2014/10/13,1927.21,1919.48,1932.37,1918.48,1149472751.0
,,,-24.33,-1.24,342823.0,4426278.0,2014/10/10,1940.92,1953.98,1953.98,1931.88,1157291259.0
,,,-7.66,-0.39,266180.0,3830164.0,2014/10/08,1965.25,1957.9,1974.27,1957.9,1172092213.0
,,,4.52,0.23,328234.0,3867833.0,2014/10/07,1972.91,1979.83,1982.96,1966.22,1177791138.0
,,,-7.77,-0.39,325078.0,4815761.0,2014/10/06,1968.39,1987.89,1988.39,1968.3,1174935314.0
,,,-15.38,-0.77,322656.0,4729990.0,2014/10/02,1976.16,1984.43,1985.06,1966.17,1179088115.0
,,,-28.55,-1.41,351581.0,4441210.0,2014/10/01,1991.54,2013.47,2013.47,1989.84,1188892215.0
,,,-6.51,-0.32,322812.0,4735620.0,2014/09/30,2020.09,2023.18,2029.17,2007.3,1205667458.0
,,,-5.04,-0.25,339588.0,4482154.0,2014/09/29,2026.6,2035.93,2036.44,2021.37,1210002566.0
,,,-2.47,-0.12,313524.0,3923739.0,2014/09/26,2031.64,2019.17,2031.65,2018.7,1212299060.0
,,,-1.53,-0.08,325375.0,4767145.0,2014/09/25,2034.11,2045.66,2046.26,2030.09,1213621148.0
,,,6.73,0.33,332586.0,4454289.0,2014/09/24,2035.64,2024.75,2036.26,2019.91,1214686508.0
,,,-10.36,-0.51,427814.0,4684342.0,2014/09/23,2028.91,2028.9,2036.25,2025.16,1211414916.0
,,,-14.55,-0.71,323891.0,3546258.0,2014/09/22,2039.27,2053.3,2053.3,2032.36,1217580202.0
,,,6.08,0.3,397737.0,5082729.0,2014/09/19,2053.82,2057.56,2062.37,2053.66,1226930256.0
,,,-14.87,-0.72,394273.0,5301546.0,2014/09/18,2047.74,2058.21,2063.26,2044.17,1224740978.0
,,,19.69,0.96,351669.0,3547677.0,2014/09/17,2062.61,2052.06,2062.62,2051.11,1234808846.0
,,,7.1,0.35,365691.0,3124074.0,2014/09/16,2042.92,2039.92,2045.65,2036.23,1222848573.0
,,,-6.04,-0.3,297606.0,3193377.0,2014/09/15,2035.82,2039.03,2040.08,2028.8,1218520932.0
,,,7.7,0.38,362672.0,3902826.0,2014/09/12,2041.86,2042.51,2048.21,2037.37,1222399166.0
,,,-15.25,-0.74,333410.0,5085207.0,2014/09/11,2034.16,2046.97,2052.16,2034.13,1218106324.0
,,,-6.85,-0.33,343350.0,4008853.0,2014/09/05,2049.41,2053.18,2059.04,2044.68,1226434933.0
,,,5.06,0.25,376388.0,4565258.0,2014/09/04,2056.26,2059.05,2065.27,2050.79,1230671342.0
,,,-0.38,-0.02,337971.0,4788980.0,2014/09/03,2051.2,2050.09,2054.08,2040.44,1227489872.0
,,,-16.28,-0.79,323115.0,4036802.0,2014/09/02,2051.58,2065.97,2066.0,2049.15,1228125552.0
,,,-0.68,-0.03,272469.0,3227361.0,2014/09/01,2067.86,2067.8,2072.59,2062.3,1238177303.0
,,,-7.22,-0.35,301374.0,4170410.0,2014/08/29,2068.54,2070.73,2073.03,2060.14,1238885906.0
,,,0.83,0.04,305877.0,3856656.0,2014/08/28,2075.76,2083.03,2088.86,2072.14,1242448675.0
,,,6.88,0.33,337612.0,4377076.0,2014/08/27,2074.93,2075.45,2081.83,2070.77,1241311661.0
,,,7.16,0.35,288908.0,3681605.0,2014/08/26,2068.05,2069.07,2072.42,2065.15,1237096620.0
,,,4.19,0.2,272045.0,3509580.0,2014/08/25,2060.89,2049.16,2062.23,2044.2,1232838851.0
,,,12.49,0.61,277858.0,3518019.0,2014/08/22,2056.7,2048.24,2058.46,2046.54,1231530548.0
,,,-28.57,-1.38,307795.0,4543755.0,2014/08/21,2044.21,2067.63,2068.22,2041.91,1223731385.0
,,,1.64,0.08,315355.0,4570238.0,2014/08/20,2072.78,2080.77,2082.21,2063.61,1240739513.0
,,,18.01,0.88,327123.0,4354976.0,2014/08/19,2071.14,2065.19,2074.43,2064.34,1239831248.0
,,,-10.09,-0.49,300419.0,3681608.0,2014/08/18,2053.13,2070.95,2073.05,2053.13,1229293819.0
,,,0.86,0.04,270849.0,3896829.0,2014/08/14,2063.22,2065.69,2073.42,2056.06,1235480942.0
,,,20.89,1.02,280664.0,4259535.0,2014/08/13,2062.36,2046.68,2062.36,2043.11,1235137815.0
,,,2.1,0.1,312800.0,3787468.0,2014/08/12,2041.47,2048.39,2055.85,2038.14,1222390791.0
,,,8.27,0.41,285843.0,3639332.0,2014/08/11,2039.37,2048.18,2048.18,2037.8,1221590076.0
,,,-23.41,-1.14,354821.0,4575174.0,2014/08/08,2031.1,2049.51,2051.06,2026.56,1216269889.0
,,,-6.22,-0.3,292936.0,3839026.0,2014/08/07,2054.51,2062.24,2063.53,2047.75,1230673159.0
,,,-5.53,-0.27,377267.0,5166631.0,2014/08/06,2060.73,2062.93,2068.08,2055.68,1234435500.0
,,,-14.16,-0.68,346821.0,4091101.0,2014/08/05,2066.26,2076.17,2077.73,2058.92,1235463036.0
,,,7.32,0.35,253202.0,3928490.0,2014/08/04,2080.42,2080.77,2083.05,2067.17,1244311925.0
,,,-3.02,-0.15,271966.0,5045081.0,2014/08/01,2073.1,2063.71,2079.81,2062.54,1239637683.0
,,,-6.49,-0.31,383727.0,6152484.0,2014/07/31,2076.12,2081.75,2090.57,2070.78,1242416181.0
,,,20.64,1.0,343286.0,6554445.0,2014/07/30,2082.61,2064.47,2093.08,2062.88,1247342842.0
,,,13.16,0.64,408767.0,6010165.0,2014/07/29,2061.97,2054.03,2065.96,2053.41,1234218218.0
,,,14.96,0.74,349019.0,4671198.0,2014/07/28,2048.81,2035.96,2053.84,2035.96,1225549866.0
,,,7.23,0.36,282770.0,4013166.0,2014/07/25,2033.85,2030.04,2036.2,2027.33,1216907377.0
,,,-1.7,-0.08,323591.0,4637131.0,2014/07/24,2026.62,2032.94,2034.72,2021.22,1212260708.0
,,,-0.61,-0.03,353511.0,4257989.0,2014/07/23,2028.32,2032.73,2035.24,2025.0,1213088910.0
,,,10.43,0.52,265888.0,3216327.0,2014/07/22,2028.93,2021.18,2028.93,2017.76,1213663849.0
,,,-0.92,-0.05,274627.0,3283644.0,2014/07/21,2018.5,2028.02,2030.61,2016.42,1207696011.0
,,,-1.48,-0.07,304521.0,3675088.0,2014/07/18,2019.42,2007.12,2019.42,2006.01,1208349636.0
,,,7.42,0.37,322695.0,3930847.0,2014/07/17,2020.9,2020.52,2025.41,2018.77,1209321504.0
,,,0.76,0.04,315167.0,3996303.0,2014/07/16,2013.48,2015.67,2018.05,2008.99,1204405022.0
,,,18.84,0.94,361202.0,4151005.0,2014/07/15,2012.72,2004.93,2015.54,2004.49,1203933125.0
,,,5.14,0.26,270389.0,3138080.0,2014/07/14,1993.88,1998.26,2001.11,1993.57,1191685330.0
,,,-14.1,-0.7,277018.0,3625600.0,2014/07/11,1988.74,1988.93,1993.46,1985.53,1188243362.0
,,,2.34,0.12,327639.0,3719177.0,2014/07/10,2002.84,2004.63,2006.5,1999.96,1196159283.0
,,,-6.16,-0.31,272746.0,3767880.0,2014/07/09,2000.5,1997.57,2000.89,1992.42,1194372170.0
,,,1.54,0.08,259357.0,3463333.0,2014/07/08,2006.66,2003.55,2009.22,1997.87,1198251712.0
,,,-4.54,-0.23,228339.0,3060457.0,2014/07/07,2005.12,2007.53,2009.32,1998.03,1197431476.0
,,,-1.31,-0.07,241514.0,3091701.0,2014/07/04,2009.66,2018.35,2018.35,2005.84,1201174664.0
,,,-4.31,-0.21,259914.0,3515649.0,2014/07/03,2010.97,2015.99,2015.99,2007.86,1202025896.0
,,,16.28,0.81,318423.0,3854655.0,2014/07/02,2015.28,2008.0,2016.36,2002.4,1204968688.0
,,,-3.21,-0.16,238871.0,3004955.0,2014/07/01,1999.0,1993.29,1999.0,1987.89,1195109536.0
,,,13.7,0.69,201128.0,2989877.0,2014/06/30,2002.21,1996.13,2002.21,1992.65,1197216680.0
,,,-6.54,-0.33,218845.0,3395119.0,2014/06/27,1988.51,1990.9,1997.01,1983.88,1189211533.0
,,,13.28,0.67,273508.0,3888526.0,2014/06/26,1995.05,1983.0,1997.08,1982.48,1193162601.0
,,,-12.58,-0.63,336654.0,3377439.0,2014/06/25,1981.77,1992.69,1993.6,1980.78,1185269808.0
,,,19.43,0.98,250605.0,3664549.0,2014/06/24,1994.35,1976.24,1998.31,1976.24,1191474710.0
,,,6.85,0.35,231738.0,3413606.0,2014/06/23,1974.92,1975.1,1980.31,1971.61,1179863856.0
,,,-23.96,-1.2,232659.0,4818547.0,2014/06/20,1968.07,1990.71,1990.73,1965.12,1175231501.0
,,,2.54,0.13,257886.0,4106727.0,2014/06/19,1992.03,1994.23,1999.11,1985.89,1188805113.0
,,,-12.06,-0.6,216850.0,3461771.0,2014/06/18,1989.49,2002.26,2002.26,1987.03,1187513869.0
,,,7.96,0.4,236597.0,3624572.0,2014/06/17,2001.55,1994.89,2002.96,1991.53,1194598365.0
,,,2.74,0.14,233604.0,4477999.0,2014/06/16,1993.59,1986.86,1995.86,1985.3,1189532355.0
,,,-20.8,-1.03,223113.0,3563016.0,2014/06/13,1990.85,2005.55,2005.55,1984.04,1187881505.0
,,,-3.02,-0.15,251876.0,4272657.0,2014/06/12,2011.65,2013.6,2015.8,2003.57,1200875452.0
,,,2.87,0.14,238049.0,3885296.0,2014/06/11,2014.67,2009.51,2016.78,2006.73,1203071979.0
,,,21.76,1.09,234933.0,3923313.0,2014/06/10,2011.8,2000.89,2011.87,1996.21,1201875160.0
,,,-5.44,-0.27,209610.0,4571158.0,2014/06/09,1990.04,2004.73,2008.86,1986.53,1188827320.0
,,,-13.08,-0.65,222092.0,5144478.0,2014/06/05,1995.48,2007.2,2007.2,1986.95,1193090538.0
,,,6.56,0.33,266745.0,4885634.0,2014/06/03,2008.56,2006.31,2008.56,1990.72,1200537779.0
,,,7.04,0.35,265591.0,3161273.0,2014/06/02,2002.0,1998.81,2006.93,1995.69,1196965465.0
,,,-17.3,-0.86,247325.0,5225528.0,2014/05/30,1994.96,2015.37,2019.17,1994.96,1192616535.0
,,,-4.8,-0.24,228539.0,3689730.0,2014/05/29,2012.26,2020.67,2021.96,2009.23,1203222657.0
,,,19.43,0.97,210651.0,3321719.0,2014/05/28,2017.06,2000.26,2017.06,1997.89,1204945765.0
,,,-12.72,-0.63,221792.0,2756316.0,2014/05/27,1997.63,2014.87,2016.73,1988.44,1193473387.0
,,,-6.82,-0.34,196576.0,2724855.0,2014/05/26,2010.35,2016.21,2020.96,2008.14,1200835265.0
,,,1.58,0.08,241806.0,3171820.0,2014/05/23,2017.17,2013.09,2017.96,2011.76,1205425595.0
,,,7.26,0.36,231079.0,3663770.0,2014/05/22,2015.59,2015.41,2022.59,2011.6,1205229332.0
,,,-2.93,-0.15,224091.0,3402512.0,2014/05/21,2008.33,2003.48,2015.63,2001.74,1200117082.0
,,,-3.88,-0.19,248337.0,3912590.0,2014/05/20,2011.26,2011.85,2014.46,2004.32,1201975284.0
,,,1.7,0.08,265596.0,4486142.0,2014/05/19,2015.14,2013.79,2015.53,2002.89,1203926336.0
,,,3.24,0.16,232530.0,4068564.0,2014/05/16,2013.44,2003.48,2013.44,1997.27,1200657575.0
,,,-0.63,-0.03,259392.0,3463925.0,2014/05/15,2010.2,2007.88,2015.37,2006.38,1198705189.0
,,,27.9,1.41,233872.0,3783903.0,2014/05/14,2010.83,1990.99,2010.85,1990.79,1199185952.0
,,,17.99,0.92,242163.0,3754720.0,2014/05/13,1982.93,1973.08,1988.41,1969.6,1182730515.0
,,,8.39,0.43,201644.0,3790541.0,2014/05/12,1964.94,1956.26,1966.64,1950.91,1171779409.0
,,,5.95,0.31,205210.0,3484374.0,2014/05/09,1956.55,1953.48,1958.34,1949.64,1165867751.0
,,,10.72,0.55,222431.0,3990941.0,2014/05/08,1950.6,1945.94,1950.6,1934.72,1162106102.0
,,,-19.56,-1.0,193041.0,3640810.0,2014/05/07,1939.88,1964.19,1964.19,1939.55,1155215338.0
,,,-2.35,-0.12,179541.0,3311796.0,2014/05/02,1959.44,1966.29,1968.5,1956.32,1166905543.0
,,,-2.98,-0.15,227318.0,3929405.0,2014/04/30,1961.79,1973.56,1974.33,1955.15,1168022515.0
,,,-4.49,-0.23,177609.0,3042953.0,2014/04/29,1964.77,1974.67,1976.17,1960.36,1170173959.0
,,,-2.4,-0.12,168833.0,2847285.0,2014/04/28,1969.26,1969.04,1976.56,1969.04,1173235833.0
,,,-26.68,-1.34,208364.0,3799283.0,2014/04/25,1971.66,1996.61,1996.64,1971.66,1174879181.0
,,,-2.03,-0.1,235075.0,3606129.0,2014/04/24,1998.34,2006.38,2007.17,1993.18,1190474482.0
,,,-3.85,-0.19,241735.0,4199638.0,2014/04/23,2000.37,2010.06,2013.09,1999.78,1191105814.0
,,,5.0,0.25,212020.0,3146989.0,2014/04/22,2004.22,2000.94,2004.42,1991.47,1193370731.0
,,,-5.06,-0.25,205579.0,2224803.0,2014/04/21,1999.22,2006.21,2006.95,1993.53,1190468906.0
,,,12.23,0.61,206507.0,2819027.0,2014/04/18,2004.28,1998.52,2005.22,1998.26,1193488635.0
,,,-0.16,-0.01,200186.0,2909693.0,2014/04/17,1992.05,2000.47,2001.29,1984.98,1186479050.0
,,,-0.06,0.0,230741.0,3310621.0,2014/04/16,1992.21,1994.31,1995.86,1986.25,1186827071.0
,,,-4.75,-0.24,194527.0,3499220.0,2014/04/15,1992.27,2008.49,2009.04,1990.34,1186722341.0
,,,-0.42,-0.02,205712.0,2950553.0,2014/04/14,1997.02,1993.81,2001.0,1993.07,1189276141.0
,,,-11.17,-0.56,218126.0,3558322.0,2014/04/11,1997.44,1985.28,1997.44,1985.16,1189691462.0
,,,9.66,0.48,232447.0,4238894.0,2014/04/10,2008.61,2007.71,2008.98,1995.79,1196039755.0
,,,5.92,0.3,233699.0,4788022.0,2014/04/09,1998.95,1997.98,2001.15,1992.12,1190172635.0
,,,3.33,0.17,218149.0,3764184.0,2014/04/08,1993.03,1977.61,1994.58,1977.61,1187174800.0
,,,1.61,0.08,186350.0,3728397.0,2014/04/07,1989.7,1984.29,1992.18,1978.63,1185203842.0
,,,-5.61,-0.28,225636.0,4084987.0,2014/04/04,1988.09,1987.84,1993.96,1985.76,1184376735.0
,,,-3.55,-0.18,225726.0,4246353.0,2014/04/03,1993.7,1999.42,2007.88,1992.16,1187580409.0
,,,5.27,0.26,220913.0,3990737.0,2014/04/02,1997.25,2000.13,2001.26,1995.08,1188798733.0
,,,6.37,0.32,214642.0,3928822.0,2014/04/01,1991.98,1983.78,1991.98,1976.06,1185785443.0
,,,4.61,0.23,241041.0,4468746.0,2014/03/31,1985.61,1988.73,1989.8,1973.05,1182487723.0
,,,3.03,0.15,244600.0,3446079.0,2014/03/28,1981.0,1972.63,1985.5,1971.25,1179689111.0
,,,13.66,0.7,218061.0,3995924.0,2014/03/27,1977.97,1963.66,1979.7,1963.1,1177397398.0
,,,23.06,1.19,248946.0,4037196.0,2014/03/26,1964.31,1954.6,1965.44,1953.69,1166858037.0
,,,-4.3,-0.22,225161.0,3784243.0,2014/03/25,1941.25,1940.9,1946.09,1936.62,1152682778.0
,,,10.61,0.55,228281.0,3312591.0,2014/03/24,1945.55,1937.06,1950.54,1937.06,1155825063.0
,,,15.42,0.8,252871.0,3505573.0,2014/03/21,1934.94,1930.24,1935.18,1927.85,1149659070.0
,,,-18.16,-0.94,220601.0,3338319.0,2014/03/20,1919.52,1934.15,1934.63,1919.37,1136823563.0
,,,-2.53,-0.13,249083.0,3439445.0,2014/03/19,1937.68,1947.34,1948.15,1935.27,1147631632.0
,,,12.68,0.66,274288.0,3630380.0,2014/03/18,1940.21,1941.12,1946.14,1931.83,1149414871.0
,,,7.63,0.4,214930.0,3314520.0,2014/03/17,1927.53,1921.15,1928.43,1919.61,1142264281.0
,,,-14.48,-0.75,254026.0,4059805.0,2014/03/14,1919.9,1916.07,1927.89,1913.64,1138300480.0
,,,1.84,0.1,259620.0,4479877.0,2014/03/13,1934.38,1940.35,1946.28,1931.75,1147366864.0
,,,-31.33,-1.6,329924.0,4312315.0,2014/03/12,1932.54,1957.67,1958.09,1930.48,1146460580.0
,,,9.45,0.48,247468.0,3473789.0,2014/03/11,1963.87,1957.22,1963.87,1951.2,1164815468.0
,,,-20.26,-1.03,214944.0,3440604.0,2014/03/10,1954.42,1967.63,1967.66,1951.96,1159472446.0
,,,-0.94,-0.05,231557.0,3515860.0,2014/03/07,1974.68,1979.7,1983.53,1968.66,1171060533.0
,,,4.38,0.22,193740.0,3410649.0,2014/03/06,1975.62,1973.67,1975.62,1968.17,1171515309.0
,,,17.13,0.88,197699.0,3626531.0,2014/03/05,1971.24,1973.28,1977.3,1970.28,1168716655.0
,,,-10.58,-0.54,200370.0,3113422.0,2014/03/04,1954.11,1954.58,1963.56,1952.61,1158112097.0
,,,-15.3,-0.77,222622.0,3469132.0,2014/03/03,1964.69,1967.9,1969.16,1955.11,1164446936.0
,,,1.56,0.08,252826.0,4878448.0,2014/02/28,1979.99,1976.48,1981.15,1972.65,1173450011.0
,,,7.66,0.39,201056.0,3877560.0,2014/02/27,1978.43,1969.85,1980.37,1965.7,1171847901.0
,,,5.91,0.3,209148.0,3986950.0,2014/02/26,1970.77,1963.45,1973.88,1955.92,1166730716.0
,,,15.81,0.81,226039.0,3975946.0,2014/02/25,1964.86,1958.3,1964.86,1955.7,1162958605.0
,,,-8.78,-0.45,193814.0,2944617.0,2014/02/24,1949.05,1958.06,1961.41,1943.86,1153967952.0
,,,27.26,1.41,216316.0,3600765.0,2014/02/21,1957.83,1948.03,1957.83,1946.68,1159141464.0
,,,-12.36,-0.64,232323.0,3904855.0,2014/02/20,1930.57,1932.9,1941.13,1927.53,1141966182.0
,,,-3.98,-0.2,213564.0,3119311.0,2014/02/19,1942.93,1944.7,1944.7,1932.44,1149193005.0
,,,0.55,0.03,200447.0,2773013.0,2014/02/18,1946.91,1946.88,1951.06,1935.6,1151092003.0
,,,6.08,0.31,215468.0,3439629.0,2014/02/17,1946.36,1951.74,1955.04,1942.94,1150542879.0
,,,13.32,0.69,216591.0,3270026.0,2014/02/14,1940.28,1930.14,1946.81,1930.14,1147041419.0
,,,-8.88,-0.46,187857.0,2968183.0,2014/02/13,1926.96,1936.62,1944.73,1924.39,1138106027.0
,,,3.78,0.2,225374.0,3648993.0,2014/02/12,1935.84,1942.23,1942.23,1933.54,1143419058.0
,,,8.76,0.46,226381.0,3421273.0,2014/02/11,1932.06,1924.45,1935.29,1920.55,1140585899.0
,,,0.8,0.04,207959.0,3246751.0,2014/02/10,1923.3,1928.13,1928.39,1916.4,1135246423.0
,,,14.61,0.77,272962.0,4472645.0,2014/02/07,1922.5,1922.45,1923.25,1910.9,1134992271.0
,,,16.57,0.88,259441.0,4100991.0,2014/02/06,1907.89,1897.35,1910.91,1897.35,1126361443.0
,,,4.47,0.24,244029.0,3962750.0,2014/02/05,1891.32,1897.95,1901.4,1888.47,1116573655.0
,,,-33.11,-1.72,250976.0,4537324.0,2014/02/04,1886.85,1894.96,1898.08,1885.53,1113660661.0
,,,-21.19,-1.09,229649.0,3978605.0,2014/02/03,1919.96,1930.09,1931.81,1917.64,1133350198.0
,,,24.22,1.26,219931.0,4474473.0,2014/01/29,1941.15,1925.93,1941.71,1925.52,1145521359.0
,,,6.59,0.34,270495.0,4203369.0,2014/01/28,1916.93,1907.18,1919.26,1904.05,1131142939.0
,,,-30.22,-1.56,340433.0,4415731.0,2014/01/27,1910.34,1905.91,1918.68,1899.76,1126909522.0
,,,-7.03,-0.36,279237.0,4517695.0,2014/01/24,1940.56,1941.55,1947.01,1924.49,1145070242.0
,,,-22.83,-1.16,229385.0,3510341.0,2014/01/23,1947.59,1968.77,1969.04,1947.01,1147763645.0
,,,6.53,0.33,243857.0,3534708.0,2014/01/22,1970.42,1960.46,1970.42,1959.57,1160859115.0
,,,10.11,0.52,289327.0,3344664.0,2014/01/21,1963.89,1955.26,1965.43,1949.56,1156970056.0
,,,9.3,0.48,279527.0,2870463.0,2014/01/20,1953.78,1945.99,1955.28,1934.38,1150713348.0
,,,-12.84,-0.66,260911.0,3334538.0,2014/01/17,1944.48,1958.5,1962.64,1943.13,1145571788.0
,,,4.04,0.21,379567.0,3481407.0,2014/01/16,1957.32,1957.91,1965.27,1955.79,1152865766.0
,,,7.21,0.37,250867.0,3831057.0,2014/01/15,1953.28,1956.43,1956.84,1945.87,1150706047.0
,,,-2.85,-0.15,244063.0,3521774.0,2014/01/14,1946.07,1942.79,1961.73,1939.31,1147401414.0
,,,10.38,0.54,267942.0,3356428.0,2014/01/13,1948.92,1947.38,1954.07,1942.83,1148897376.0
,,,-7.57,-0.39,262993.0,4501003.0,2014/01/10,1938.54,1949.53,1956.97,1931.16,1143204026.0
,,,-12.85,-0.66,276402.0,4700223.0,2014/01/09,1946.11,1962.3,1964.59,1946.11,1147927559.0
,,,-0.48,-0.02,217070.0,4362641.0,2014/01/08,1958.96,1965.5,1966.95,1950.02,1155336478.0
,,,6.16,0.32,193027.0,3686916.0,2014/01/07,1959.44,1947.65,1965.74,1947.08,1155148368.0
,,,7.14,0.37,193630.0,3647066.0,2014/01/06,1953.28,1947.62,1961.85,1943.74,1151821444.0
,,,-21.05,-1.07,188529.0,3997968.0,2014/01/03,1946.14,1963.72,1964.63,1936.15,1147185473.0
,,,-44.15,-2.2,207770.0,4309772.0,2014/01/02,1967.19,2013.11,2013.89,1967.19,1159892814.0
,,,9.06,0.45,172231.0,3261548.0,2013/12/30,2011.34,2004.32,2011.34,1998.61,1185973724.0
,,,2.98,0.15,207767.0,2953686.0,2013/12/27,2002.28,1994.05,2004.55,1987.58,1181350647.0
,,,-2.29,-0.11,230531.0,3269851.0,2013/12/26,1999.3,2004.25,2009.96,1997.34,1179612714.0
,,,4.7,0.24,214694.0,3263759.0,2013/12/24,2001.59,2000.24,2007.34,1994.34,1181164013.0
,,,13.54,0.68,222998.0,3233607.0,2013/12/23,1996.89,1993.45,2000.07,1989.0,1178966725.0
,,,7.7,0.39,247065.0,3266872.0,2013/12/20,1983.35,1973.12,1984.44,1972.59,1171122108.0
,,,1.02,0.05,255817.0,3869648.0,2013/12/19,1975.65,1996.79,1997.02,1969.95,1166222898.0
,,,8.89,0.45,258664.0,3877244.0,2013/12/18,1974.63,1971.85,1982.42,1966.18,1165258056.0
,,,4.59,0.23,253888.0,3811258.0,2013/12/17,1965.74,1977.94,1979.62,1962.22,1160168228.0
,,,-1.76,-0.09,213506.0,2987690.0,2013/12/16,1961.15,1960.6,1970.25,1956.63,1157484195.0
,,,-5.02,-0.26,234102.0,3788319.0,2013/12/13,1962.91,1963.04,1963.81,1947.44,1158225847.0
,,,-10.04,-0.51,255084.0,4082828.0,2013/12/12,1967.93,1966.44,1970.51,1958.99,1161407641.0
,,,-15.48,-0.78,231374.0,3519643.0,2013/12/11,1977.97,1987.22,2000.15,1972.87,1166361600.0
,,,-6.93,-0.35,200955.0,3073437.0,2013/12/10,1993.45,2000.03,2001.33,1989.41,1174575975.0
,,,19.97,1.01,230269.0,3066473.0,2013/12/09,2000.38,2000.52,2003.97,1997.58,1178210602.0
,,,-4.36,-0.22,201897.0,3329453.0,2013/12/06,1980.41,1982.99,1990.55,1980.4,1166680545.0
,,,-2.03,-0.1,217668.0,3420746.0,2013/12/05,1984.77,1993.73,1994.32,1971.44,1169904929.0
,,,-22.56,-1.12,230327.0,3645118.0,2013/12/04,1986.8,1998.69,2006.71,1986.8,1171088722.0
,,,-21.42,-1.05,294947.0,3753760.0,2013/12/03,2009.36,2023.62,2028.07,2008.55,1184027197.0
,,,-14.09,-0.69,229692.0,3273687.0,2013/12/02,2030.78,2050.45,2052.88,2029.1,1196240276.0
,,,-0.9,-0.04,245371.0,3429544.0,2013/11/29,2044.87,2044.85,2050.7,2038.46,1204177351.0
,,,16.96,0.84,276271.0,4118739.0,2013/11/28,2045.77,2039.73,2047.66,2037.73,1204595427.0
,,,6.17,0.31,284075.0,4006049.0,2013/11/27,2028.81,2016.28,2028.81,2010.84,1194332357.0
,,,6.66,0.33,275309.0,3474546.0,2013/11/26,2022.64,2008.19,2022.66,1998.9,1190624549.0
,,,9.75,0.49,295512.0,3117501.0,2013/11/25,2015.98,2020.0,2031.11,2015.98,1187432873.0
,,,12.45,0.62,350985.0,3543776.0,2013/11/22,2006.23,2002.15,2011.2,1992.48,1181439809.0
,,,-23.46,-1.16,292666.0,3323343.0,2013/11/21,1993.78,2013.71,2013.71,1985.65,1174753347.0
,,,-14.4,-0.71,334803.0,4465360.0,2013/11/20,2017.24,2028.34,2029.61,2010.74,1188364623.0
,,,20.83,1.04,402796.0,4303735.0,2013/11/19,2031.64,2009.95,2033.91,2009.47,1197407145.0
,,,5.17,0.26,313967.0,3090012.0,2013/11/18,2010.81,2014.24,2018.17,2009.76,1185243686.0
,,,38.08,1.94,264691.0,3714811.0,2013/11/15,2005.64,1980.99,2006.31,1980.99,1181428720.0
,,,4.0,0.2,323107.0,3810480.0,2013/11/14,1967.56,1980.2,1981.89,1963.42,1159172087.0
,,,-31.92,-1.6,251537.0,3512885.0,2013/11/13,1963.56,1993.16,1993.16,1963.56,1156389159.0
,,,18.18,0.92,247355.0,3247241.0,2013/11/12,1995.48,1983.94,2000.41,1983.89,1175662116.0
,,,-7.57,-0.38,286217.0,3410526.0,2013/11/11,1977.3,1995.86,1995.86,1973.05,1164304748.0
,,,-19.17,-0.96,287309.0,4559408.0,2013/11/08,1984.87,1987.21,1998.59,1984.86,1168529970.0
,,,-9.63,-0.48,310947.0,3714066.0,2013/11/07,2004.04,2014.85,2017.55,2000.6,1179655618.0
,,,-0.26,-0.01,273687.0,3985662.0,2013/11/06,2013.67,2015.32,2023.52,2011.41,1185252602.0
,,,-11.24,-0.56,257824.0,3560407.0,2013/11/05,2013.93,2027.62,2029.6,2010.2,1184949401.0
,,,-14.25,-0.7,235243.0,3529048.0,2013/11/04,2025.17,2035.08,2035.84,2022.91,1191456177.0
,,,9.33,0.46,294190.0,3657015.0,2013/11/01,2039.42,2037.25,2041.23,2030.57,1199505101.0
,,,-29.49,-1.43,254504.0,4547712.0,2013/10/31,2030.09,2050.96,2055.59,2030.09,1193781142.0
,,,7.82,0.38,263429.0,4219985.0,2013/10/30,2059.58,2055.0,2059.58,2043.93,1210746392.0
,,,3.62,0.18,307654.0,3634698.0,2013/10/29,2051.76,2046.67,2053.78,2039.46,1202192038.0
,,,13.75,0.68,257528.0,3938574.0,2013/10/28,2048.14,2037.28,2048.14,2030.9,1199879847.0
,,,-12.3,-0.6,234838.0,4032298.0,2013/10/25,2034.39,2047.46,2047.46,2023.82,1191286127.0
,,,10.94,0.54,254851.0,3815456.0,2013/10/24,2046.69,2034.96,2046.69,2027.93,1198492789.0
,,,-20.37,-0.99,367991.0,5363363.0,2013/10/23,2035.75,2062.81,2063.28,2035.75,1192377257.0
,,,3.11,0.15,378783.0,4804581.0,2013/10/22,2056.12,2051.01,2056.12,2045.45,1204010754.0
,,,0.61,0.03,281928.0,4150876.0,2013/10/21,2053.01,2054.16,2060.18,2047.83,1202158775.0
,,,11.79,0.58,257592.0,4489538.0,2013/10/18,2052.4,2046.56,2052.4,2041.36,1201648691.0
,,,6.0,0.29,306925.0,4897614.0,2013/10/17,2040.61,2051.19,2052.44,2035.96,1195012616.0
,,,-6.35,-0.31,267494.0,4500343.0,2013/10/16,2034.61,2040.03,2049.5,2033.75,1191320797.0
,,,20.69,1.02,233625.0,4089309.0,2013/10/15,2040.96,2034.69,2045.5,2033.84,1195360367.0
,,,-4.63,-0.23,220739.0,3629371.0,2013/10/14,2020.27,2026.07,2026.79,2019.65,1182866225.0
,,,23.5,1.17,254286.0,4723740.0,2013/10/11,2024.9,2018.01,2028.11,2012.66,1185550555.0
,,,-1.36,-0.07,222678.0,3994657.0,2013/10/10,2001.4,2000.91,2010.0,1997.66,1172144212.0
,,,8.34,0.42,329570.0,4244447.0,2013/10/08,2002.76,1987.97,2002.78,1981.21,1172608965.0
,,,-2.56,-0.13,249767.0,3435894.0,2013/10/07,1994.42,1997.17,2002.61,1991.02,1167479562.0
,,,-2.49,-0.12,241066.0,4325025.0,2013/10/04,1996.98,1999.92,2004.65,1985.63,1168813449.0
,,,0.6,0.03,238252.0,4378234.0,2013/10/02,1999.47,2012.07,2012.82,1999.02,1170019740.0
,,,1.91,0.1,281273.0,3901939.0,2013/10/01,1998.87,1997.62,2012.52,1991.22,1169026733.0
,,,-14.84,-0.74,292784.0,4187246.0,2013/09/30,1996.96,2002.02,2005.41,1994.22,1167983077.0
,,,4.48,0.22,282342.0,4167116.0,2013/09/27,2011.8,2012.26,2016.34,2008.25,1176651142.0
,,,9.26,0.46,255553.0,3998832.0,2013/09/26,2007.32,1992.1,2007.32,1991.1,1174108692.0
,,,-9.04,-0.45,294753.0,4393043.0,2013/09/25,1998.06,2004.53,2006.88,1988.87,1168835688.0
,,,-2.31,-0.11,309360.0,4253699.0,2013/09/24,2007.1,2001.51,2011.11,1990.36,1173541498.0
,,,3.83,0.19,249540.0,5091612.0,2013/09/23,2009.41,2000.72,2015.18,1994.77,1175205663.0
,,,-7.79,-0.39,264662.0,4325668.0,2013/09/17,2005.58,2009.31,2009.31,1994.31,1173129129.0
,,,19.05,0.96,248501.0,4123681.0,2013/09/16,2013.37,2011.69,2018.02,2004.45,1178297790.0
,,,-9.74,-0.49,253920.0,4018597.0,2013/09/13,1994.32,1994.95,2004.87,1992.26,1166419019.0
,,,0.21,0.01,359256.0,6694453.0,2013/09/12,2004.06,2004.67,2017.48,1995.16,1172233803.0
,,,9.79,0.49,299412.0,4630469.0,2013/09/11,2003.85,1995.96,2003.85,1987.4,1172067141.0
,,,19.39,0.98,264328.0,5438042.0,2013/09/10,1994.06,1978.08,1994.06,1974.59,1166207819.0
,,,19.36,0.99,270737.0,4513740.0,2013/09/09,1974.67,1964.09,1974.67,1962.62,1155210813.0
,,,3.66,0.19,324987.0,4313481.0,2013/09/06,1955.31,1954.11,1962.15,1949.01,1144367011.0
,,,18.62,0.96,286744.0,4491993.0,2013/09/05,1951.65,1943.66,1954.21,1937.82,1142101029.0
,,,-0.71,-0.04,284191.0,4100970.0,2013/09/04,1933.03,1929.6,1938.26,1921.93,1131372891.0
,,,8.93,0.46,300060.0,4078554.0,2013/09/03,1933.74,1934.24,1940.99,1928.09,1131601423.0
,,,-1.55,-0.08,243989.0,3476993.0,2013/09/02,1924.81,1925.32,1932.46,1921.01,1126896999.0
,,,18.82,0.99,300931.0,5106302.0,2013/08/30,1926.36,1918.91,1926.37,1910.37,1128186068.0
,,,23.02,1.22,301696.0,4794557.0,2013/08/29,1907.54,1892.03,1914.9,1891.59,1116639956.0
,,,-1.32,-0.07,378294.0,3441946.0,2013/08/28,1884.52,1862.51,1885.35,1861.56,1099618237.0
,,,-2.02,-0.11,409263.0,3771554.0,2013/08/27,1885.84,1883.71,1896.63,1881.44,1100572387.0
,,,17.7,0.95,316295.0,3304216.0,2013/08/26,1887.86,1876.59,1890.38,1876.59,1101705255.0
,,,21.04,1.14,374963.0,3901636.0,2013/08/23,1870.16,1861.58,1876.14,1854.67,1091377242.0
,,,-18.34,-0.98,425947.0,4284094.0,2013/08/22,1849.12,1847.94,1858.5,1838.52,1079283752.0
,,,-20.39,-1.08,411236.0,4311941.0,2013/08/21,1867.46,1891.01,1894.74,1863.6,1089791973.0
,,,-29.79,-1.55,350351.0,4262101.0,2013/08/20,1887.85,1910.3,1923.42,1885.93,1101748112.0
,,,-2.47,-0.13,302123.0,3345600.0,2013/08/19,1917.64,1917.32,1918.71,1909.8,1118784577.0
,,,-3.8,-0.2,348502.0,3772941.0,2013/08/16,1920.11,1903.72,1927.59,1901.7,1120558042.0
,,,10.88,0.57,363325.0,4112711.0,2013/08/14,1923.91,1912.59,1925.1,1908.92,1122009055.0
,,,28.2,1.5,362604.0,4108405.0,2013/08/13,1913.03,1893.42,1913.03,1890.78,1115161524.0
,,,4.12,0.22,297512.0,3100505.0,2013/08/12,1884.83,1878.5,1894.42,1878.33,1098124277.0
,,,-3.26,-0.17,283475.0,3540885.0,2013/08/09,1880.71,1884.57,1888.79,1876.07,1095958729.0
,,,5.64,0.3,338168.0,3685849.0,2013/08/08,1883.97,1884.58,1896.07,1879.13,1097598670.0
,,,-28.29,-1.48,312431.0,3564849.0,2013/08/07,1878.33,1892.47,1895.5,1878.33,1094186637.0
,,,-9.6,-0.5,294649.0,3495318.0,2013/08/06,1906.62,1914.06,1914.06,1895.87,1110767727.0
,,,-7.16,-0.37,233985.0,2761888.0,2013/08/05,1916.22,1920.83,1925.6,1915.69,1116329229.0
,,,2.64,0.14,298152.0,4040964.0,2013/08/02,1923.38,1936.26,1939.28,1920.98,1120302447.0
,,,6.71,0.35,336061.0,3637309.0,2013/08/01,1920.74,1916.56,1925.32,1906.74,1118344706.0
,,,-3.02,-0.16,384142.0,4082140.0,2013/07/31,1914.03,1915.47,1920.6,1910.82,1114570889.0
,,,17.16,0.9,366881.0,3597795.0,2013/07/30,1917.05,1901.88,1917.11,1900.54,1115962494.0
,,,-10.92,-0.57,337586.0,4251052.0,2013/07/29,1899.89,1908.66,1912.57,1899.02,1105825306.0
,,,1.2,0.06,320158.0,3865050.0,2013/07/26,1910.81,1912.05,1915.97,1902.47,1112185944.0
,,,-2.47,-0.13,311997.0,3901940.0,2013/07/25,1909.61,1906.57,1913.91,1904.44,1111781427.0
,,,7.93,0.42,322150.0,3546452.0,2013/07/24,1912.08,1904.07,1914.41,1901.15,1113033436.0
,,,23.8,1.27,352402.0,4347626.0,2013/07/23,1904.15,1890.55,1904.15,1885.57,1108262924.0
,,,8.94,0.48,356944.0,3651968.0,2013/07/22,1880.35,1880.81,1894.41,1873.17,1094411490.0
,,,-4.07,-0.22,319620.0,3633387.0,2013/07/19,1871.41,1880.44,1881.4,1861.43,1089440290.0
,,,-12.01,-0.64,380292.0,3520563.0,2013/07/18,1875.48,1883.07,1885.01,1870.78,1092229858.0
,,,21.13,1.13,382917.0,4022467.0,2013/07/17,1887.49,1871.29,1894.7,1856.55,1097943788.0
,,,-8.8,-0.47,303330.0,2998516.0,2013/07/16,1866.36,1875.53,1875.68,1860.37,1085812119.0
,,,5.18,0.28,330028.0,3187406.0,2013/07/15,1875.16,1870.26,1877.46,1847.82,1090687661.0
,,,-7.62,-0.41,265986.0,3490852.0,2013/07/12,1869.98,1873.66,1873.66,1863.4,1087516259.0
,,,53.44,2.93,331466.0,3999957.0,2013/07/11,1877.6,1840.34,1877.6,1840.34,1091690784.0
,,,-6.19,-0.34,267902.0,3284077.0,2013/07/10,1824.16,1835.94,1836.91,1818.94,1060272376.0
,,,13.5,0.74,257901.0,3169263.0,2013/07/09,1830.35,1828.63,1831.35,1815.03,1063799729.0
,,,-16.46,-0.9,303581.0,3586498.0,2013/07/08,1816.85,1830.81,1840.57,1809.72,1055955742.0
,,,-5.83,-0.32,285636.0,3778605.0,2013/07/05,1833.31,1848.97,1857.39,1828.75,1065611605.0
,,,14.48,0.79,313016.0,3157936.0,2013/07/04,1839.14,1830.49,1840.38,1825.62,1069330149.0
,,,-30.36,-1.64,405797.0,3773792.0,2013/07/03,1824.66,1854.29,1860.46,1823.1,1061220053.0
,,,-0.71,-0.04,483157.0,3895815.0,2013/07/02,1855.02,1861.26,1867.18,1850.29,1078800375.0
,,,-7.59,-0.41,220875.0,3037859.0,2013/07/01,1855.73,1851.57,1866.63,1850.03,1079755041.0
,,,28.62,1.56,251086.0,4464976.0,2013/06/28,1863.32,1844.6,1864.09,1844.6,1084216314.0
,,,51.25,2.87,286261.0,4189195.0,2013/06/27,1834.7,1809.55,1839.52,1809.4,1067530899.0
,,,2.82,0.16,296936.0,4291538.0,2013/06/26,1783.45,1799.74,1799.74,1772.49,1037012895.0
,,,-18.38,-1.02,332240.0,4462928.0,2013/06/25,1780.63,1790.33,1807.62,1770.53,1034842516.0
,,,-23.82,-1.31,220937.0,3170128.0,2013/06/24,1799.01,1821.22,1821.22,1798.98,1045767756.0
,,,-27.66,-1.49,290459.0,5016380.0,2013/06/21,1822.83,1806.4,1823.99,1806.02,1059243089.0
,,,-37.82,-2.0,355762.0,4403154.0,2013/06/20,1850.49,1864.37,1873.18,1844.41,1075097288.0
,,,-12.31,-0.65,279751.0,3320371.0,2013/06/19,1888.31,1899.5,1899.5,1883.41,1097284518.0
,,,17.52,0.93,278590.0,3431625.0,2013/06/18,1900.62,1887.72,1900.63,1872.7,1104303671.0
,,,-6.14,-0.32,264449.0,3269889.0,2013/06/17,1883.1,1889.45,1897.7,1878.4,1094084169.0
,,,6.51,0.35,279281.0,3531111.0,2013/06/14,1889.24,1895.77,1896.6,1881.5,1097671145.0
,,,-27.18,-1.42,306431.0,5090299.0,2013/06/13,1882.73,1905.1,1911.04,1881.24,1094042721.0
,,,-10.77,-0.56,253382.0,3435834.0,2013/06/12,1909.91,1913.6,1921.54,1907.29,1109673608.0
,,,-12.02,-0.62,288160.0,4438074.0,2013/06/11,1920.68,1933.1,1933.34,1910.05,1115447452.0
,,,8.85,0.46,271732.0,3767751.0,2013/06/10,1932.7,1927.19,1934.92,1923.59,1122836445.0
,,,-35.34,-1.8,341120.0,5503416.0,2013/06/07,1923.85,1953.83,1954.82,1923.84,1117571379.0
,,,-30.32,-1.52,340501.0,4541747.0,2013/06/05,1959.19,1988.94,1989.29,1959.19,1139394675.0
,,,-0.06,0.0,334900.0,3984004.0,2013/06/04,1989.51,1998.38,1999.73,1979.42,1156404299.0
,,,-11.48,-0.57,333504.0,3677704.0,2013/06/03,1989.57,1993.11,2000.56,1989.51,1156984540.0
,,,0.95,0.05,397506.0,5363927.0,2013/05/31,2001.05,2009.25,2013.29,2000.82,1164218037.0
,,,-1.1,-0.05,435687.0,5113490.0,2013/05/30,2000.1,1999.83,2008.23,1997.84,1163762659.0
,,,14.98,0.75,362633.0,4753537.0,2013/05/29,2001.2,1993.69,2009.43,1992.68,1163572273.0
,,,6.25,0.32,311410.0,3904894.0,2013/05/28,1986.22,1983.58,1991.2,1978.89,1155012831.0
,,,6.52,0.33,256076.0,2983328.0,2013/05/27,1979.97,1974.59,1984.13,1971.53,1151412148.0
,,,4.26,0.22,273552.0,3715204.0,2013/05/24,1973.45,1979.35,1979.93,1961.59,1147532278.0
,,,-24.64,-1.24,342936.0,4646225.0,2013/05/23,1969.19,1985.91,1991.35,1969.19,1145194694.0
,,,12.74,0.64,326447.0,4533886.0,2013/05/22,1993.83,1991.76,1998.7,1987.23,1159571377.0
,,,-1.34,-0.07,245783.0,3788271.0,2013/05/21,1981.09,1994.02,1995.1,1976.17,1152767119.0
,,,-4.38,-0.22,274387.0,4416784.0,2013/05/20,1982.43,1990.36,1991.27,1982.43,1152804334.0
,,,15.55,0.79,322202.0,4877407.0,2013/05/16,1986.81,1980.03,1991.98,1980.03,1153610816.0
,,,2.43,0.12,246959.0,3802990.0,2013/05/15,1971.26,1971.96,1972.44,1963.52,1143926905.0
,,,20.13,1.03,328476.0,4142333.0,2013/05/14,1968.83,1954.39,1972.5,1954.13,1142328051.0
,,,3.95,0.2,251572.0,3123214.0,2013/05/13,1948.7,1936.86,1948.7,1935.57,1130139084.0
,,,-34.7,-1.75,283839.0,4269864.0,2013/05/10,1944.75,1975.48,1975.48,1944.75,1127552244.0
,,,23.0,1.18,332552.0,5053128.0,2013/05/09,1979.45,1963.61,1982.32,1961.5,1147349139.0
,,,2.1,0.11,337936.0,4150810.0,2013/05/08,1956.45,1961.73,1964.08,1952.38,1133671416.0
,,,-7.13,-0.36,299865.0,3652250.0,2013/05/07,1954.35,1962.28,1962.87,1951.27,1132276841.0
,,,-4.23,-0.22,294946.0,3940973.0,2013/05/06,1961.48,1977.44,1983.64,1960.14,1136983152.0
,,,8.5,0.43,312534.0,4226194.0,2013/05/03,1965.71,1967.88,1968.04,1953.4,1138986144.0
,,,-6.74,-0.34,349694.0,4181073.0,2013/05/02,1957.21,1961.67,1966.68,1954.28,1133905237.0
,,,23.25,1.2,403076.0,4974715.0,2013/04/30,1963.95,1947.07,1967.06,1946.99,1137603875.0
,,,-3.86,-0.2,266047.0,3648041.0,2013/04/29,1940.7,1948.87,1948.97,1934.68,1123442141.0
,,,-7.04,-0.36,280159.0,4068279.0,2013/04/26,1944.56,1949.92,1951.86,1942.37,1125822987.0
,,,16.29,0.84,334964.0,4598111.0,2013/04/25,1951.6,1937.88,1951.66,1935.81,1132526986.0
,,,16.68,0.87,341103.0,4432548.0,2013/04/24,1935.31,1931.06,1939.35,1921.03,1123145299.0
,,,-7.68,-0.4,260475.0,3530275.0,2013/04/23,1918.63,1924.43,1924.79,1908.77,1113588807.0
,,,19.56,1.03,258760.0,3708314.0,2013/04/22,1926.31,1903.97,1926.31,1901.98,1117660686.0
,,,6.69,0.35,331261.0,4506379.0,2013/04/19,1906.75,1899.35,1910.24,1888.3,1106458900.0
,,,-23.78,-1.24,343475.0,4283588.0,2013/04/18,1900.06,1916.55,1919.53,1900.05,1102587293.0
,,,1.63,0.08,415255.0,5357147.0,2013/04/17,1923.84,1934.61,1934.82,1910.78,1116209168.0
,,,1.76,0.09,393055.0,5468460.0,2013/04/16,1922.21,1900.18,1926.65,1896.69,1115146719.0
,,,-3.78,-0.2,332949.0,4295489.0,2013/04/15,1920.45,1916.06,1927.72,1907.35,1114218879.0
,,,-25.57,-1.31,407384.0,5009019.0,2013/04/12,1924.23,1954.22,1956.21,1919.9,1116543051.0
,,,14.22,0.73,386578.0,4794566.0,2013/04/11,1949.8,1944.53,1949.8,1926.54,1131170162.0
,,,14.84,0.77,320151.0,4234863.0,2013/04/10,1935.58,1933.73,1939.19,1923.43,1122790871.0
,,,2.05,0.11,356633.0,3887652.0,2013/04/09,1920.74,1918.13,1934.74,1901.96,1114217952.0
,,,-8.54,-0.44,313346.0,3996922.0,2013/04/08,1918.69,1927.04,1933.95,1918.69,1112641816.0
,,,-32.22,-1.64,372650.0,4924576.0,2013/04/05,1927.23,1948.33,1952.1,1916.77,1117250181.0
,,,-23.77,-1.2,415397.0,4710366.0,2013/04/04,1959.45,1963.39,1965.19,1938.89,1135677591.0
,,,-2.93,-0.15,396383.0,4345089.0,2013/04/03,1983.22,1990.71,1992.4,1972.02,1149188579.0
,,,-9.84,-0.49,496115.0,4489984.0,2013/04/02,1986.15,1996.81,2001.78,1973.27,1150919004.0
,,,-8.9,-0.44,269152.0,2623899.0,2013/04/01,1995.99,2009.94,2010.15,1994.54,1156365856.0
,,,11.37,0.57,341600.0,3482485.0,2013/03/29,2004.89,2007.12,2013.21,2003.96,1161664022.0
,,,0.08,0.0,367681.0,3474997.0,2013/03/28,1993.52,1989.7,1995.31,1985.45,1154966955.0
,,,9.74,0.49,362612.0,3904751.0,2013/03/27,1993.44,1991.91,1996.56,1973.72,1154906916.0
,,,6.03,0.3,298849.0,4009408.0,2013/03/26,1983.7,1976.81,1990.23,1975.6,1149442317.0
,,,28.96,1.49,276300.0,3464867.0,2013/03/25,1977.67,1968.85,1981.75,1968.14,1145937243.0
,,,-2.11,-0.11,259617.0,3380255.0,2013/03/22,1948.71,1949.03,1956.33,1946.05,1129142026.0
,,,-8.59,-0.44,262865.0,3592258.0,2013/03/21,1950.82,1969.3,1973.26,1950.82,1130245565.0
,,,-19.15,-0.97,332896.0,3827538.0,2013/03/20,1959.41,1969.19,1978.17,1959.4,1135121324.0
,,,10.38,0.53,326790.0,3719502.0,2013/03/19,1978.56,1978.41,1989.46,1973.23,1146187755.0
,,,-18.32,-0.92,304266.0,3962518.0,2013/03/18,1968.18,1974.71,1982.92,1968.18,1139864464.0
,,,-15.63,-0.78,307400.0,5289392.0,2013/03/15,1986.5,2009.71,2009.71,1985.91,1150618650.0
,,,2.4,0.12,330921.0,4164053.0,2013/03/14,2002.13,2000.07,2002.13,1978.57,1159494856.0
,,,6.39,0.32,353043.0,3496866.0,2013/03/13,1999.73,1994.79,1999.73,1988.19,1158212809.0
,,,-10.01,-0.5,390222.0,3353388.0,2013/03/12,1993.34,2006.84,2007.44,1990.17,1154250683.0
,,,-2.66,-0.13,398284.0,3840014.0,2013/03/11,2003.35,2000.57,2006.3,1982.38,1160013381.0
,,,1.61,0.08,312058.0,3614261.0,2013/03/08,2006.01,2001.97,2007.37,1994.25,1161386962.0
,,,-16.34,-0.81,386477.0,3723377.0,2013/03/07,2004.4,2018.63,2018.63,1998.29,1160519860.0
,,,4.13,0.2,395369.0,4112573.0,2013/03/06,2020.74,2033.17,2033.89,2016.65,1170295115.0
,,,3.46,0.17,491945.0,3819824.0,2013/03/05,2016.61,2022.41,2031.65,2016.6,1167859319.0
,,,-13.34,-0.66,357436.0,4381358.0,2013/03/04,2013.15,2028.55,2029.32,2011.09,1165805726.0
,,,22.45,1.12,421958.0,4196153.0,2013/02/28,2026.49,2019.05,2030.85,2016.15,1173192547.0
,,,4.03,0.2,417074.0,3529938.0,2013/02/27,2004.04,2008.94,2014.96,1999.65,1160169475.0
,,,-9.51,-0.47,433410.0,3594864.0,2013/02/26,2000.01,1993.12,2005.86,1991.96,1157937941.0
,,,-9.37,-0.46,338229.0,3171218.0,2013/02/25,2009.52,2022.51,2022.77,2008.78,1163524091.0
,,,51.52,2.3,281761.0,6795938.0,2017/05/08,2292.76,2245.61,2292.76,2244.23,1487320271.0
,,,21.57,0.97,261919.0,4790759.0,2017/05/04,2241.24,2224.91,2241.24,2224.91,1454577899.0
,,,14.23,0.65,295140.0,4826500.0,2017/05/02,2219.67,2213.61,2229.74,2212.87,1441151796.0
,,,-4.02,-0.18,268642.0,5842676.0,2017/04/28,2205.44,2214.36,2217.04,2202.2,1430873638.0
,,,1.62,0.07,386107.0,6551274.0,2017/04/27,2209.46,2201.72,2211.59,2199.76,1432679121.0
,,,10.99,0.5,397526.0,5509195.0,2017/04/26,2207.84,2202.37,2210.61,2200.73,1430107693.0
,,,23.11,1.06,275897.0,5106632.0,2017/04/25,2196.85,2175.7,2196.85,2174.11,1422832247.0
,,,8.7,0.4,374714.0,4402841.0,2017/04/24,2173.74,2175.5,2177.89,2166.83,1407333069.0
,,,15.89,0.74,281540.0,4837703.0,2017/04/21,2165.04,2161.24,2169.46,2156.64,1401852010.0
,,,10.75,0.5,268316.0,5132502.0,2017/04/20,2149.15,2138.19,2150.43,2134.05,1393644196.0
,,,-10.06,-0.47,344221.0,4892976.0,2017/04/19,2138.4,2144.98,2148.03,2133.82,1386926683.0
,,,2.7,0.13,291399.0,3971075.0,2017/04/18,2148.46,2155.36,2155.36,2139.31,1393614544.0
,,,10.88,0.51,259304.0,3750130.0,2017/04/17,2145.76,2140.87,2150.7,2138.7,1392064303.0
,,,-13.73,-0.64,383688.0,3408417.0,2017/04/14,2134.88,2138.28,2141.61,2127.8,1385279447.0
,,,19.7,0.93,357583.0,4396072.0,2017/04/13,2148.61,2130.64,2148.61,2125.87,1394108754.0
,,,5.06,0.24,427358.0,3970631.0,2017/04/12,2128.91,2128.17,2129.82,2122.94,1381534908.0
,,,-9.47,-0.44,489309.0,4209404.0,2017/04/11,2123.85,2129.23,2136.55,2117.82,1378255108.0
,,,-18.41,-0.86,512917.0,4050059.0,2017/04/10,2133.32,2148.83,2148.83,2128.35,1384038381.0
,,,-1.02,-0.05,408457.0,4143351.0,2017/04/07,2151.73,2154.87,2155.7,2142.51,1395556937.0
,,,-8.1,-0.37,510164.0,4204111.0,2017/04/06,2152.75,2152.64,2153.83,2143.3,1396629200.0
,,,-0.25,-0.01,571691.0,4910758.0,2017/04/05,2160.85,2161.9,2164.85,2146.98,1402168630.0
,,,-6.41,-0.3,522093.0,4619289.0,2017/04/04,2161.1,2165.23,2166.94,2156.89,1402046554.0
,,,7.28,0.34,398514.0,4066025.0,2017/04/03,2167.51,2166.04,2171.33,2161.26,1405883015.0
,,,-4.41,-0.2,441640.0,4479971.0,2017/03/31,2160.23,2166.62,2166.93,2159.8,1400961585.0
,,,-2.34,-0.11,643564.0,4574158.0,2017/03/30,2164.64,2170.18,2174.16,2159.16,1403835585.0
,,,3.67,0.17,626793.0,5356116.0,2017/03/29,2166.98,2172.31,2172.31,2162.04,1403913277.0
,,,7.65,0.35,393970.0,5076568.0,2017/03/28,2163.31,2166.58,2169.14,2157.71,1401036286.0
,,,-13.29,-0.61,395863.0,5291302.0,2017/03/27,2155.66,2161.17,2165.25,2153.14,1395348806.0
,,,-3.77,-0.17,358673.0,5127078.0,2017/03/24,2168.95,2171.36,2179.34,2163.34,1403733238.0
,,,4.42,0.2,358608.0,5152409.0,2017/03/23,2172.72,2174.09,2182.42,2170.56,1406409944.0
,,,-10.08,-0.46,394426.0,5586038.0,2017/03/22,2168.3,2159.97,2170.0,2158.96,1404264981.0
,,,21.37,0.99,303941.0,5620095.0,2017/03/21,2178.38,2162.95,2181.99,2160.25,1410500369.0
,,,-7.57,-0.35,264947.0,4117273.0,2017/03/20,2157.01,2160.32,2160.57,2151.51,1396118874.0
,,,14.5,0.67,302788.0,4979595.0,2017/03/17,2164.58,2150.47,2164.59,2148.86,1401543225.0
,,,17.08,0.8,402424.0,5163958.0,2017/03/16,2150.08,2154.98,2156.85,2143.01,1391689013.0
,,,-0.78,-0.04,374700.0,4974871.0,2017/03/15,2133.0,2128.42,2135.38,2127.26,1380664798.0
,,,16.19,0.76,365075.0,5287892.0,2017/03/14,2133.78,2127.12,2135.5,2124.42,1380724236.0
,,,20.24,0.97,382129.0,4657807.0,2017/03/13,2117.59,2102.37,2122.88,2100.91,1369779491.0
,,,6.29,0.3,500861.0,5570688.0,2017/03/10,2097.35,2088.67,2102.05,2082.31,1356493259.0
,,,-4.35,-0.21,408229.0,5110475.0,2017/03/09,2091.06,2098.29,2100.08,2090.73,1352384164.0
,,,1.36,0.06,381442.0,4517061.0,2017/03/08,2095.41,2092.27,2101.56,2088.19,1355519188.0
,,,12.69,0.61,277830.0,3962687.0,2017/03/07,2094.05,2080.77,2096.79,2079.16,1354747806.0
,,,2.61,0.13,431445.0,4655902.0,2017/03/06,2081.36,2073.2,2083.8,2067.68,1346355445.0
,,,-23.9,-1.14,425936.0,5129278.0,2017/03/03,2078.75,2090.92,2091.59,2072.09,1344318883.0
,,,11.01,0.53,434713.0,6172420.0,2017/03/02,2102.65,2105.19,2112.58,2096.31,1360136704.0
,,,6.12,0.29,399822.0,5051497.0,2017/02/28,2091.64,2087.26,2094.41,2084.36,1351894956.0
,,,-8.6,-0.41,343702.0,4170047.0,2017/02/27,2085.52,2095.47,2097.24,2084.08,1347849638.0
