Season,Episode,Episode ID,Cast Info Text
1,1,tt31321401,24
1,2,tt1480055,43
1,3,tt1668746,37
1,4,tt1829962,42
1,5,tt1829963,51
1,6,tt1829964,43
1,7,tt1837862,45
1,8,tt1837863,41
1,9,tt1837864,58
1,10,tt1851398,48
1,11,tt1851397,52
2,1,tt1971833,71
2,2,tt2069318,60
2,3,tt2070135,42
2,4,tt2069319,180
2,5,tt2074658,51
2,6,tt2085238,47
2,7,tt2085239,47
2,8,tt2085240,52
2,9,tt2084342,29
2,10,tt2112510,54
3,1,tt2178782,66
3,2,tt2178772,39
3,3,tt2178802,33
3,4,tt2178798,34
3,5,tt2178788,35
3,6,tt2178812,24
3,7,tt2178814,19
3,8,tt2178806,40
3,9,tt2178784,40
3,10,tt2178796,28
4,1,tt2816136,55
4,2,tt2832378,49
4,3,tt2972426,30
4,4,tt2972428,31
4,5,tt3060856,21
4,6,tt3060910,18
4,7,tt3060876,22
4,8,tt3060782,144
4,9,tt3060858,38
4,10,tt3060860,39
5,1,tt3658012,46
5,2,tt3846626,66
5,3,tt3866836,123
5,4,tt3866838,38
5,5,tt3866840,20
5,6,tt3866842,43
5,7,tt3866846,28
5,8,tt3866850,48
5,9,tt3866826,44
5,10,tt3866862,65
6,1,tt3658014,57
6,2,tt4077554,49
6,3,tt4131606,42
6,4,tt4283016,57
6,5,tt4283028,86
6,6,tt4283054,58
6,7,tt4283060,60
6,8,tt4283074,43
6,9,tt4283088,161
6,10,tt4283094,79
7,1,tt5654088,85
7,2,tt5655178,68
7,3,tt5775840,70
7,4,tt5775846,127
7,5,tt5775854,79
7,6,tt5775864,82
7,7,tt5775874,85
8,1,tt5924366,104
8,2,tt6027908,76
8,3,tt6027912,118
8,4,tt6027914,112
8,5,tt6027916,78
8,6,tt6027920,93

